"";"rownames.mat."
"1";"California"
"2";"Florida"
"3";"Iowa"
"4";"Louisiana"
"5";"New_York_'s"
"6";"New_York_State"
"7";"North_Carolina"
"8";"Albany"
"9";"America"
"10";"New_York"
"11";"Queens"
"12";"Washington"
"13";"Jamaica"
"14";"Jamestown"
"15";"New_York_City"
"16";"Stan"
"17";"Long_Island"
"18";"Loudonville"
"19";"Ohio"
"20";"Bronx"
"21";"Brooklyn"
"22";"Manhattan"
"23";"Assemblymen"
"24";"Bangkok"
"25";"Cambodia"
"26";"Hanoi"
"27";"Vietnam"
"28";"Liberty_Island"
"29";"South_Jamaica"
"30";"the_Empire_State"
"31";"the_United_States"
"32";"the_United_States_Constitution"
"33";"us"
"34";"Beijing"
"35";"China"
"36";"Brooklyn_Borough"
"37";"Howard_Beach"
"38";"Chicago"
"39";"Hyfin"
"40";"Kaplan"
"41";"Need"
"42";"New_York_City_'s"
"43";"Shafran"
"44";"The_United_States"
"45";"New_Brunswick"
"46";"New_Jersey"
"47";"New_Jersey_'s"
"48";"Princeton"
"49";"Transplan"
"50";"U.S."
"51";"Bicol"
"52";"Mindanao"
"53";"Zamboanga_City"
"54";"Borough"
"55";"Boston"
"56";"Queens_Borough"
"57";"Philippines"
"58";"Saudi_Arabia"
"59";"the_Republic_of_the_Philippines"
"60";"Australia"
"61";"Canberra"
"62";"London"
"63";"Sydney"
"64";"Bonn"
"65";"West_Germany"
"66";"Bronx_county"
"67";"Bronx_County"
"68";"Jidda"
"69";"United_States"
"70";"Garden_City"
"71";"Long_Beach"
"72";"M.T.A."
"73";"Shoreham"
"74";"South_Africa"
"75";"the_State_of_New_York"
"76";"the_United_States_of_America"
"77";"Iran"
"78";"Jerusalem"
"79";"Lebanon"
"80";"Minnesota"
"81";"Connecticut"
"82";"New_Haven"
"83";"Jersey_City"
"84";"Astoria"
"85";"L.I."
"86";"France"
"87";"Paris"
"88";"Mayor"
"89";"Anhui_Province"
"90";"Hefei"
"91";"Bavaria"
"92";"china"
"93";"Munich"
"94";"Barricada"
"95";"Managua"
"96";"North_Carolina_State_University"
"97";"Shanghai"
"98";"East_Germany"
"99";"West_Germany_'s"
"100";"Manes"
"101";"Japan"
"102";"Bershad"
"103";"Milberg"
"104";"Weiss"
"105";"Moscow"
"106";"Nicaragua"
"107";"the_Soviet_Union"
"108";"Flushing"
"109";"Queens_County"
"110";"Rockaway_Park"
"111";"New_York_County_District"
"112";"Buffalo"
"113";"Hitler_Germany"
"114";"Ecuador"
"115";"Quito"
"116";"Vargas"
"117";"Alabama"
"118";"Anhui"
"119";"Brown"
"120";"Ferozepore"
"121";"Ludhiana"
"122";"New_Delhi"
"123";"Dublin"
"124";"Ireland"
"125";"the_picturesque_streets"
"126";"Austria"
"127";"Bitburg"
"128";"Ludwigshafen"
"129";"the_Federal_Republic"
"130";"Wurzburg"
"131";"Dallas"
"132";"Texas"
"133";"New_York_City_'"
"134";"Seoul"
"135";"Maryland"
"136";"Pennsylvania"
"137";"Baltimore"
"138";"El_Salvador"
"139";"U.N.T.S."
"140";"Taura"
"141";"Communism"
"142";"Brussels"
"143";"Britain"
"144";"Hong_Kong"
"145";"Hong_Kong_'s"
"146";"Shenzhen"
"147";"Bataan"
"148";"Manila"
"149";"the_United_States_'"
"150";"Barco"
"151";"Colombia"
"152";"A.M."
"153";"Afghanistan"
"154";"Herat"
"155";"Jalalabad"
"156";"Kabul"
"157";"Kandahar"
"158";"Pakistan"
"159";"Paktia_Province"
"160";"Fairport"
"161";"Mount_Kisco"
"162";"Syracuse"
"163";"Kampala"
"164";"Museveni"
"165";"Uganda"
"166";"Berkeley"
"167";"Indonesia"
"168";"Alma_-_Ata"
"169";"Kazakh"
"170";"the_republic_of_Kazakhstan"
"171";"The_Soviet_Union"
"172";"Guayaquil"
"173";"Lieut"
"174";"Italy"
"175";"Kansas"
"176";"Lusaka"
"177";"Netherlands"
"178";"Norway"
"179";"Pretoria"
"180";"Sweden"
"181";"Zambia"
"182";"Beirut"
"183";"Brotdorf"
"184";"Frankfurt"
"185";"Germany"
"186";"Hamadei"
"187";"Saarland"
"188";"New_York_State_'s"
"189";"Costa_Rica"
"190";"Honduras"
"191";"Miami"
"192";"Daqing"
"193";"Manchuria"
"194";"Canada"
"195";"Kazakhstan"
"196";"Scarsdale"
"197";"Westchester_County"
"198";"East_Berlin"
"199";"Maputo"
"200";"Mozambique"
"201";"Rhodesia"
"202";"Hawaii"
"203";"Ukrainian"
"204";"Northern_Ireland"
"205";"Carlisle"
"206";"et.al_."
"207";"Pa."
"208";"the_United_States_Military_Academy"
"209";"Budapest"
"210";"Hungary"
"211";"Poland"
"212";"the_Federal_Republic_of_Germany"
"213";"the_Social_Democrats"
"214";"Angola"
"215";"Angolan"
"216";"Bulgaria"
"217";"Cuba"
"218";"Havana"
"219";"Huambo"
"220";"Kuito"
"221";"Luanda"
"222";"Namibia"
"223";"Portugal"
"224";"Russia"
"225";"Santos"
"226";"Sonangol"
"227";"South_-_West_Africa"
"228";"Sumbe"
"229";"Unita"
"230";"West_Africa"
"231";"Zaire"
"232";"Atlanta"
"233";"Cleveland"
"234";"Danzig"
"235";"Gustav_Heningburg"
"236";"NEW_JERSEY"
"237";"Newark"
"238";"Victoria"
"239";"Bucharest"
"240";"Chernobyl"
"241";"Kiev"
"242";"Leningrad"
"243";"Ukraine"
"244";"Middletown"
"245";"the_State_of_New_Jersey"
"246";"Westfield"
"247";"Bronx_Democratic_County"
"248";"Erie_County"
"249";"Rensselaer_County"
"250";"Staten_Island"
"251";"Aging"
"252";"Berlin"
"253";"Cuomo"
"254";"East_Hartford"
"255";"Guilford"
"256";"Hartford"
"257";"Spending"
"258";"Albay_Province"
"259";"Cagayan"
"260";"Lanao_del_Sur"
"261";"May."
"262";"South_Cotabato_Province"
"263";"Abidjan"
"264";"Belgium"
"265";"Mobutu"
"266";"Nigeria"
"267";"Portgual"
"268";"Spain"
"269";"Switzerland"
"270";"the_Ivory_Coast"
"271";"Indochina"
"272";"Philadelphia"
"273";"the_Soviet_Union_'s"
"274";"United_States_-_Indochina"
"275";"Park_Jong_Chul"
"276";"Iraq"
"277";"Jakarta"
"278";"Mecca"
"279";"Brazil"
"280";"Stockholm"
"281";"Nebraska"
"282";"Gdansk"
"283";"Greece"
"284";"John_Stuart_Mill"
"285";"Rome"
"286";"Warsaw"
"287";"Albany_County"
"288";"Heilongjiang_Province"
"289";"Andalusia"
"290";"Stalin"
"291";"Hempstead"
"292";"L.I._LEAD"
"293";"Sakharovs"
"294";"Manhttan"
"295";"the_Tatar_republic"
"296";"Haiti"
"297";"Biaggi"
"298";"Cologne"
"299";"East_Germany_'s"
"300";"West_Berlin_'s"
"301";"Cairo"
"302";"Capiz_Province"
"303";"Davao"
"304";"minibus"
"305";"Pangasinan"
"306";"Sichuan_Province"
"307";"Polityka"
"308";"Nevada"
"309";"South_Africa_'s"
"310";"Federal"
"311";"St._Jerome_'s"
"312";"St._John_'s"
"313";"South_Korea"
"314";"South_Korea_'s"
"315";"the_Republic_of_Korea"
"316";"the_United_States_-_Korea"
"317";"Flick"
"318";"Rumania"
"319";"New_Rochelle"
"320";"Ho_Chi_Minh_City"
"321";"Laos"
"322";"South_Vietnam"
"323";"Soviet_Union"
"324";"Karachi"
"325";"Korea"
"326";"Kwangju"
"327";"South_Korea_'"
"328";"Brasilia"
"329";"Chapeu_da_Mangueira"
"330";"Copacabana"
"331";"Praia"
"332";"Rio_,_Brasilia"
"333";"Rio_de_Janeiro"
"334";"Rio_de_Janeiro_State"
"335";"Alexandria"
"336";"SEOUL"
"337";"Va."
"338";"the_New_York_City_'s"
"339";"United_States_District_Court"
"340";"Amsterdam"
"341";"Chistopol"
"342";"Kazan"
"343";"Kharkov"
"344";"Estonia"
"345";"Kemerovo_Oblast"
"346";"Latvia"
"347";"Lithuania"
"348";"Riga"
"349";"Manhasset"
"350";"Commonwealth"
"351";"Dixiecrats"
"352";"Lew_Rome"
"353";"Massachusetts"
"354";"Chile"
"355";"Tegucigalpa"
"356";"Abdallah"
"357";"Kobayat"
"358";"Lyons"
"359";"Sinai"
"360";"Strasbourg"
"361";"Tripoli"
"362";"Yugoslavia"
"363";"Eritrea"
"364";"Ethiopia"
"365";"Shengo"
"366";"Somalia"
"367";"Nassau_County"
"368";"Conn."
"369";"Pasternak"
"370";"Peredelkino"
"371";"Han_Xu"
"372";"Michigan"
"373";"Newport_News"
"374";"Assembly"
"375";"Comdr"
"376";"nitroglycerin"
"377";"Utica"
"378";"Bayport"
"379";"Hartsdale"
"380";"Nazi_Germany"
"381";"Rockaways"
"382";"Niquinohomo"
"383";"Tarlac"
"384";"Madrid"
"385";"Mexico"
"386";"Trojan"
"387";"Argentina"
"388";"Croton"
"389";"Mount_Vernon"
"390";"Putnam"
"391";"Rockland_Counties"
"392";"Rockland_County"
"393";"Suffolk"
"394";"Westchester"
"395";"the_State_of_Connecticut"
"396";"Ariz."
"397";"Arizona"
"398";"Arizona_Republic"
"399";"Phoenix_Gazette"
"400";"Tucson"
"401";"Utah"
"402";"Bronx_Borough"
"403";"New_York_State_Common_Cause"
"404";"Paul"
"405";"Rifkind"
"406";"Lindenauer"
"407";"Riverdale"
"408";"Morocco"
"409";"Tokyo"
"410";"West_Berlin"
"411";"Atlantic_City"
"412";"Bronx_District"
"413";"Lyn_Nofziger"
"414";"Co_-_op_City"
"415";"Puerto_Rico"
"416";"Helsinki"
"417";"Detroit"
"418";"Phoenix"
"419";"Lubao"
"420";"Geneva"
"421";"Kerensky"
"422";"Novosibirsk"
"423";"Zinoviev"
"424";"Rochester"
"425";"Zhongshan"
"426";"Calif."
"427";"Los_Angeles"
"428";"Monterey"
"429";"WASHINGTON"
"430";"Finland"
"431";"India"
"432";"Lublin"
"433";"Center"
"434";"England"
"435";"Fla."
"436";"Fort_Lauderdale"
"437";"Ridgewood"
"438";"St._Martin"
"439";"El_Mercurio"
"440";"Mass."
"441";"Medford"
"442";"Baden_-_Wurttemberg"
"443";"Freiburg"
"444";"Rhine"
"445";"Harlem"
"446";"Southampton"
"447";"El_Paisl_Salvador"
"448";"El_Paisnal"
"449";"San_Salvador"
"450";"St._Joseph"
"451";"Johannesburg"
"452";"White_Plains"
"453";"Aquino"
"454";"Dnepropetrovsk"
"455";"Dnepropetrovsk_Province"
"456";"K.G.B."
"457";"Lvov_Province"
"458";"the_Russian_republic"
"459";"Voroshilovgrad"
"460";"Voroshilovgrad_Province"
"461";"N.J"
"462";"the_New_York_City_Parking_Violations_Bureau_'_'"
"463";"Weehawken"
"464";"Zaccaro"
"465";"Baguio"
"466";"Armonk"
"467";"Eastchester"
"468";"Burma"
"469";"the_Tanzania_of_Southeast_Asia"
"470";"Athens"
"471";"junta"
"472";"St._Isaac_'s"
"473";"A1:6"
"474";"Greenwich_Village"
"475";"the_Nassau_County_District"
"476";"Milan"
"477";"Acting_Borough"
"478";"Colon"
"479";"Ferrer"
"480";"Znamya"
"481";"Haryana"
"482";"Jammu"
"483";"Kerala"
"484";"West_Bengal"
"485";"Islamabad"
"486";"Kenya"
"487";"Nairobi"
"488";"D.A."
"489";"Asturias"
"490";"District"
"491";"Suffolk_County"
"492";"Ill."
"493";"Lake_Forest"
"494";"Lvov"
"495";"Review"
"496";"Somerville"
"497";"Campbell"
"498";"Chi_Linh"
"499";"Hai_Hung"
"500";"Hai_Hung_Province"
"501";"Haiphong"
"502";"Thailand"
"503";"Czechoslovakia"
"504";"Hollywood"
"505";"Ivan"
"506";"Monroe_County"
"507";"the_Queens_District"
"508";"Belgrade"
"509";"Yugoslan"
"510";"Monroe"
"511";"Burlington"
"512";"Helena"
"513";"Litchfield"
"514";"Maine"
"515";"Manchester"
"516";"Montana"
"517";"New_Hampshire_'s"
"518";"Vermont"
"519";"Gaza_Strip"
"520";"Israel"
"521";"West_Bank"
"522";"the_Albany_County_District"
"523";"Herut"
"524";"Alaska"
"525";"Bilibino"
"526";"Magadan_Province"
"527";"Omolon"
"528";"Uzbekistan"
"529";"Vladivostok"
"530";"Rimini"
"531";"Santiago"
"532";"Uruguay"
"533";"graffiti"
"534";"O.K."
"535";"Gorky"
"536";"Hesse"
"537";"Egypt"
"538";"firece"
"539";"North_and"
"540";"Antofagasta"
"541";"Crystal_Beach"
"542";"El_Paso"
"543";"Galveston_County"
"544";"San_Antonio"
"545";"Tex_."
"546";"Sohag"
"547";"Iberia"
"548";"New_City"
"549";"New_Korea"
"550";"Binghamton"
"551";"Holland"
"552";"Colorado"
"553";"Liberal"
"554";"Paraguay"
"555";"Brooklyn_Heights"
"556";"Esposito"
"557";"Aramina"
"558";"Surrogate"
"559";"the_Magadan_Province"
"560";"Bombay"
"561";"Fukuoka"
"562";"Hokkaido"
"563";"Kyushu_island"
"564";"Cooperstown"
"565";"Sacramento"
"566";"Sudan"
"567";"North_Korea"
"568";"Dar_es_Salaam_'s"
"569";"Swahili"
"570";"Tanzania"
"571";"the_Republic_of_Tanzania"
"572";"Zanzibar"
"573";"Bronx_Councilmanic"
"574";"new_county"
"575";"Haaretz"
"576";"Bangladesh"
"577";"West_Bengal_'s"
"578";"New_York_State_Bar_Associations"
"579";"The_New_York_City"
"580";"Indiana"
"581";"the_Liberal_Democrats"
"582";"Fifth_Republic"
"583";"Girondin"
"584";"Czechoslovak"
"585";"Kultura"
"586";"Cordoba"
"587";"Del."
"588";"Luzon"
"589";"Matagalpa_Province"
"590";"Propaganda"
"591";"-_United_States"
"592";"the_United_States_'s"
"593";"Chad"
"594";"Libya"
"595";"Malvinas"
"596";"the_Falkland_Islands"
"597";"a_United_States"
"598";"Sri_Lanka"
"599";"Sri_Lanka_'s"
"600";"Dar_es_Salaam"
"601";"East_Africa"
"602";"Oman"
"603";"Pemba"
"604";"Sultan"
"605";"Tanganyika"
"606";"the_United_Republic_of_Tanzania"
"607";"Zanzibaris"
"608";"Air_Lanka"
"609";"B.C."
"610";"Ceylon"
"611";"Fort"
"612";"Jaffna"
"613";"Madras"
"614";"Pettah"
"615";"Sanskrit"
"616";"Tamil"
"617";"Trincomalee"
"618";"West_Virginia"
"619";"Salta"
"620";"San_Miguel_de_Tucuman"
"621";"Kuchino"
"622";"U.S.S.R."
"623";"Bronx_City"
"624";"Vavuniya"
"625";"Karnata"
"626";"Karnataka"
"627";"Venice"
"628";"New_Hampshire"
"629";"Bellmore"
"630";"Cambridge"
"631";"UConn"
"632";"Westport"
"633";"Guatemala"
"634";"Krakow"
"635";"Poznan"
"636";"Radom"
"637";"Szczecin"
"638";"Wroclaw"
"639";"LONDON"
"640";"Kwanju"
"641";"Iceland"
"642";"Reykjavik"
"643";"Logar_Province"
"644";"Franklinville"
"645";"Traffic_Dept_."
"646";"Corona"
"647";"Salem"
"648";"Jordan"
"649";"Syria"
"650";"Caracas"
"651";"the_Dominican_Republic"
"652";"Illinois"
"653";"Arlington"
"654";"Foster_City"
"655";"Mendoza"
"656";"San_Francisco"
"657";"Jumblat"
"658";"Birobidzhan"
"659";"Markish"
"660";"Palestine"
"661";"the_Jewish_Autonomous_Province"
"662";"Yiddish"
"663";"Aspen"
"664";"Calumet_Township"
"665";"Colo."
"666";"Jacksonville"
"667";"Las_Vegas"
"668";"Lincoln"
"669";"Marked_Tree"
"670";"Me_."
"671";"Miss."
"672";"Neb."
"673";"Nev."
"674";"Portland"
"675";"Reno"
"676";"Cape_Town"
"677";"Transvaal_Province"
"678";"New_Hampshireto"
"679";"Brezhnev"
"680";"Ossining"
"681";"the_County_Executive"
"682";"Malta"
"683";"Tunisia"
"684";"Zejtun"
"685";"British_Columbia"
"686";"British_Columbians"
"687";"Quebec"
"688";"Toronto"
"689";"Vancouver"
"690";"Amritsar"
"691";"Shootout"
"692";"Lucerne"
"693";"Golan"
"694";"Judea"
"695";"Samaria"
"696";"the_West_Bank"
"697";"Fiji"
"698";"Nadi"
"699";"Perth"
"700";"the_British_Commonwealth"
"701";"New_Zealand"
"702";"Queens_District"
"703";"Recon"
"704";"Hamburg"
"705";"Rhineland"
"706";"Julia"
"707";"Meyerson"
"708";"New_York_State_Common"
"709";"The_Philippine_Star"
"710";"the_United_States_Mission"
"711";"United_States_-_Cuban"
"712";"Suva"
"713";"Houailou"
"714";"New_Caledonia"
"715";"Noumea"
"716";"Guatemala_City"
"717";"Jutiapa"
"718";"Quantico"
"719";"Venezuela"
"720";"Ocean_County"
"721";"Union_County"
"722";"Hillbrow"
"723";"Soweto"
"724";"Minneapolis"
"725";"Norwich"
"726";"Sainsbury"
"727";"Yong"
"728";"Peten_Province"
"729";"the_Russian_Union_of_Writers"
"730";"Glasgow"
"731";"B&C"
"732";"the_District_of_Columbia"
"733";"Chong_Chul"
"734";"Sao_Paulo"
"735";"Program_Coordinator"
"736";"Cracow"
"737";"Geraldine_Ferraro"
"738";"Alberta"
"739";"Manitoba"
"740";"Montreal"
"741";"Ontario"
"742";"Ottawa"
"743";"Saskatchewan"
"744";"Bihar"
"745";"the_Soviet_Union_'"
"746";"Khabarovsk"
"747";"post_-_Soviet_Afghanistan"
"748";"Junieh"
"749";"Trauma"
"750";"West_Beirut"
"751";"Maariv"
"752";"Zimbabwe"
"753";"San_Francisco_Gotera"
"754";"Barundi"
"755";"Burundi"
"756";"Tutsi"
"757";"the_United_Kingdom"
"758";"Kyongsang_Province"
"759";"Rangoon_,_Burma"
"760";"Taegu"
"761";"Irangate"
"762";"Ionic"
"763";"Joralemon"
"764";"Flushing_,_Queens"
"765";"Brent_South"
"766";"Frejus"
"767";"P.M."
"768";"Panama"
"769";"Bratislava"
"770";"Houston"
"771";"Nuremburg"
"772";"Reinosa"
"773";"Seville"
"774";"the_United_Left"
"775";"Westhampton"
"776";"Capasso"
"777";"D.C.A."
"778";"Regan"
"779";"Pusan"
"780";"Capassos"
"781";"New_York_City_Cultural_Affairs"
"782";"Barcelona"
"783";"Rioja"
"784";"Valencia"
"785";"Saratov"
"786";"Tomsk"
"787";"New_Yorker_'s"
"788";"Chilean_-_United_States"
"789";"Vatican"
"790";"Uttar"
"791";"Naples"
"792";"Contadora_Island"
"793";"the_City_of_New_York"
"794";"Westhampton_Beach"
"795";"New_Style"
"796";"Quebecers"
"797";"offi"
"798";"the_New_York_City_Parking_Violations_Bureau"
"799";"Latina"
"800";"Mladina"
"801";"Slovene"
"802";"Slovenia"
"803";"the_Slovenian_Republic"
"804";"Vienna"
"805";"New_Delhi_'s"
"806";"Brunei"
"807";"Malaysia"
"808";"Phnom_Penh"
"809";"Singapore"
"810";"Abu_Dhabi"
"811";"Dubai"
"812";"Sharja"
"813";"the_United_Arab_Emirates"
"814";"The_United_Arab_Emirates"
"815";"Bethlehem"
"816";"East_Jerusalem"
"817";"Ho_Chi_Minh"
"818";"North_Vietnam_'s"
"819";"Saigon"
"820";"N.J."
"821";"City"
"822";"Springfield"
"823";"the_City_of_Springfield"
"824";"I.B.M."
"825";"Yondong"
"826";"Meham"
"827";"Surovikino_county"
"828";"Taejon"
"829";"Taipei"
"830";"N.Y."
"831";"Nuremberg"
"832";"bras"
"833";"Columbus"
"834";"Hispaniola"
"835";"Jean_-_Claude"
"836";"La_Saline"
"837";"NEW_York"
"838";"Petionville"
"839";"Port"
"840";"Germanys"
"841";"Pyongyang"
"842";"Algeria"
"843";"Qum"
"844";"Rachid_Ghannouchi"
"845";"Teheran"
"846";"E.T.A."
"847";"Tex"
"848";"a_banana_republic"
"849";"Mississippi"
"850";"Myongdong_Cathedral"
"851";"Meenakshi"
"852";"Nagareajan"
"853";"Grasse"
"854";"Yonggwang"
"855";"Myongdong"
"856";"Namdaemun"
"857";"Taiwan"
"858";"Peru"
"859";"Kentucky"
"860";"U.S"
"861";"Allenwood"
"862";"Jackson_Heights"
"863";"Long_Island_City"
"864";"Bourguiba"
"865";"Monastir"
"866";"North_Korea_'s"
"867";"Cook_County"
"868";"Gurkhas"
"869";"Punjab_State"
"870";"Scotland"
"871";"Wales"
"872";"The_Nassau_County_Comptroller"
"873";"Massachusettes"
"874";"Agudat_Israel"
"875";"Haredim"
"876";"Judaism"
"877";"Tel_Aviv"
"878";"Tne"
"879";"Torah"
"880";"Windhoek"
"881";"Bahamas"
"882";"Gurkha"
"883";"West_Bengal_State"
"884";"The_Republic_of_Korea_'s"
"885";"the_Third_Republic"
"886";"Costa_Mesa"
"887";"Karen"
"888";"Rangoon"
"889";"Thais"
"890";"Norton"
"891";"Cristian"
"892";"Javier"
"893";"the_United_States_Consulate"
"894";"the_United_States_State_Department"
"895";"Legislatures"
"896";"Anzio"
"897";"Mardin_province"
"898";"Pinarcik"
"899";"Turkey"
"900";"Tanaka"
"901";"Warren_Counties"
"902";"Waverly"
"903";"Fourth_Republic"
"904";"the_Fifth_Republic"
"905";"Gonaives"
"906";"Port_-_au_-_Prince"
"907";"Port_-_de_-_Paix"
"908";"Cyprus"
"909";"Kaduna"
"910";"Kaduna_State"
"911";"the_Sultan_of_Sokoto"
"912";"Wusasa"
"913";"Zaria"
"914";"Degania"
"915";"Melbourne"
"916";"Hissar"
"917";"Punjab"
"918";"Rishikesh"
"919";"Yamunanagar"
"920";"Chitre"
"921";"Guinea"
"922";"Xenia"
"923";"the_City_of_Rye"
"924";"the_Village_of_Newark"
"925";"University_Heights"
"926";"Dushu"
"927";"Liaowang"
"928";"Mongolia"
"929";"the_People_'s_Republic"
"930";"Yunnan_Province"
"931";"Zhuzhou"
"932";"Babylonia"
"933";"Baghdad"
"934";"Mesopotamia"
"935";"Tallahassee"
"936";"Seattle"
"937";"New_Hartford"
"938";"Norfolk"
"939";"Coradian"
"940";"Latham"
"941";"Uniondale"
"942";"TAIPEI"
"943";"Belfast"
"944";"Derriaghy"
"945";"Lambeg"
"946";"Northern_Ireland_'s"
"947";"the_Irish_Republic"
"948";"united_Ireland"
"949";"Honolulu"
"950";"Bulgakov"
"951";"Harcourt"
"952";"Zalygin"
"953";"Kuwait"
"954";"Nasserism"
"955";"the_Ottoman_Empire"
"956";"Matagalpa"
"957";"San_Jose_de_Bocay"
"958";"Lisbon"
"959";"Arun_Singh"
"960";"Montreux"
"961";"Boliqueime"
"962";"Azipur"
"963";"Dhaka"
"964";"the_Dominican_Republic_'s"
"965";"Lagos"
"966";"the_Second_Republic"
"967";"East_Pakistan"
"968";"Hong_Up"
"969";"Jean_-_Rabel"
"970";"San_Sebastian"
"971";"Goria"
"972";"the_United_States_Women_'s"
"973";"Urasa"
"974";"Newburgh"
"975";"Orange"
"976";"Orange_County"
"977";"Critica"
"978";"SOUTH_KOREA"
"979";"THE_WINTER_REPUBLIC"
"980";"Sinhala"
"981";"the_autonomous_republic"
"982";"Harlingen"
"983";"Reaganesque"
"984";"Uitenhage"
"985";"Canal_Zone"
"986";"Aquilino"
"987";"Francisco"
"988";"Santa_Maria"
"989";"Hanyang"
"990";"jargon"
"991";"SOUTH_KOREA_'S"
"992";"Beidaihe"
"993";"Kiessling"
"994";"Tianjin"
"995";"The_Social_Democrats"
"996";"Ghana"
"997";"Lome"
"998";"Madame_Sanvee"
"999";"Huila"
"1000";"Dutchess_County"
"1001";"NEW_YORK"
"1002";"hairpiece"
"1003";"Charleston"
"1004";"Soviet_Russia"
"1005";"Duarte"
"1006";"Glasnost"
"1007";"Durham"
"1008";"N.C."
"1009";"Sonora"
"1010";"New_York_'"
"1011";"Bayside"
"1012";"P.T.A."
"1013";"Algiers"
"1014";"Ndjamena"
"1015";"Cicero"
"1016";"New_York_Common_Cause"
"1017";"bananas"
"1018";"Rwanda"
"1019";"Matara"
"1020";"Bangui"
"1021";"Dakar"
"1022";"the_Central_African_Republic"
"1023";"the_Ivory_Coast_'s"
"1024";"Yamoussoukrou"
"1025";"Attack"
"1026";"Buenos_Aires_province"
"1027";"Kanawha_county"
"1028";"Kanawha_County"
"1029";"Kosovo"
"1030";"Lima"
"1031";"United_Leftist"
"1032";"Velasco"
"1033";"Villa_el_Salvador"
"1034";"Villa_el_Salvador_'s"
"1035";"Hindi"
"1036";"emigre"
"1037";"Emigre"
"1038";"Vilnius"
"1039";"Cholla_Province"
"1040";"Sri_Lanka_'"
"1041";"Scarborough"
"1042";"Broadcast_City"
"1043";"Fort_Magsaysay"
"1044";"Legaspi"
"1045";"Luzon_Province"
"1046";"Malacanang"
"1047";"Port_Bonifacio"
"1048";"Quezon_City"
"1049";"Okinawa"
"1050";"United_States_of_America"
"1051";"Asiatic"
"1052";"Byelorussia"
"1053";"Georgia"
"1054";"the_Russian_Republic"
"1055";"Bacolod"
"1056";"Negros"
"1057";"Addis_Ababa"
"1058";"El_Pais"
"1059";"Liberty"
"1060";"Beaumont"
"1061";"Farmingdale"
"1062";"Bulacan"
"1063";"Bupyong"
"1064";"HONG_KONG"
"1065";"Koje"
"1066";"Buenos_Aires_Province"
"1067";"Tucuman"
"1068";"Ankara"
"1069";"Istanbul"
"1070";"Turkish_Republic"
"1071";"Christiansborg"
"1072";"CHINA"
"1073";"Denmark"
"1074";"Cholla"
"1075";"Haui_Island"
"1076";"Kyongsang"
"1077";"Mokpo"
"1078";"Luzon_province"
"1079";"El_Salvador_'s"
"1080";"F.M.L.N."
"1081";"Joaquin_Villalobos"
"1082";"Brig"
"1083";"Honasan"
"1084";"Mineola"
"1085";"Washington_Heights"
"1086";"Cook_County_Sheriff"
"1087";"Brownsville"
"1088";"East_Flatbush"
"1089";"East_New_York"
"1090";"Mannheim"
"1091";"Kingston"
"1092";"Y.M.C.A."
"1093";"Washington_D.C."
"1094";"St._Maarten"
"1095";"Bolton_Landing"
"1096";"a_United_States_Representative"
"1097";"new_United_States"
"1098";"San_Jose"
"1099";"Wanamassa"
"1100";"Basra"
"1101";"Nasiriyah"
"1102";"Takrit"
"1103";"Harare"
"1104";"Xinjiang"
"1105";"Batista"
"1106";"Gables"
"1107";"Marblehead"
"1108";"South_Africa_'"
"1109";"Upper_Montclair"
"1110";"Magallanes"
"1111";"Punta_Arenas"
"1112";"A.M"
"1113";"Los_Pinos"
"1114";"unison"
"1115";"Agualeguas"
"1116";"Cali"
"1117";"Cecilia"
"1118";"Mexico_City"
"1119";"Yolanda"
"1120";"Bedouin"
"1121";"Khalistan"
"1122";"Shimane_Prefecture"
"1123";"Tibet"
"1124";"Dharmsala"
"1125";"Lhasa"
"1126";"Rhode_Island"
"1127";"Island"
"1128";"Pullikuda"
"1129";"Mathura"
"1130";"McKeesport"
"1131";"Perth_Amboy"
"1132";"St._Stephen_'s"
"1133";"Barschel"
"1134";"Schleswig"
"1135";"the_Canary_Islands"
"1136";"Matabelaland"
"1137";"Matabeleland"
"1138";"Matabeleland_province"
"1139";"Ndebeles"
"1140";"Shona"
"1141";"Desiree_Guigui"
"1142";"North_Africa"
"1143";"Hanover"
"1144";"Schleswig_-_Holstein"
"1145";"Erie_Counties"
"1146";"Nassau"
"1147";"Maricopa_County"
"1148";"Mecham"
"1149";"Voeren"
"1150";"I.G."
"1151";"Ouagadougou"
"1152";"Upper_Volta"
"1153";"Marbella"
"1154";"Tory"
"1155";"Zurich"
"1156";"judo"
"1157";"Shimane"
"1158";"Oryel"
"1159";"Missouri"
"1160";"San_Francisco_'s"
"1161";"Kurdistan"
"1162";"New_Orleans"
"1163";"Rajasthan"
"1164";"the_Azerbaijan_Republic"
"1165";"the_Republic_of_Georgia"
"1166";"marijuana"
"1167";"Patchogue"
"1168";"Rockland"
"1169";"Westchester_county"
"1170";"Burkina_Faso"
"1171";"Burkinabe"
"1172";"Koudougou"
"1173";"Sankara"
"1174";"north_Louisiana"
"1175";"Bophuthatswana"
"1176";"Ekandustria"
"1177";"Lebowa"
"1178";"Transkei"
"1179";"Aliran"
"1180";"Kuala_Lumpur"
"1181";"Northwest_Territories"
"1182";"Yukon"
"1183";"Akron"
"1184";"El_Congo"
"1185";"Santa_Ana"
"1186";"Betasoft"
"1187";"Chongqing"
"1188";"Guangzhou"
"1189";"Mandarin"
"1190";"Wuhan"
"1191";"Borneo"
"1192";"Dayak"
"1193";"East_Malaysia"
"1194";"Kadazan"
"1195";"Bobbie_Brumfield"
"1196";"Hinds_County"
"1197";"Oklahoma"
"1198";"Winona"
"1199";"Tunku"
"1200";"the_Russian_Republic_'s"
"1201";"Yeltsin"
"1202";"Mauritania"
"1203";"Baden"
"1204";"Arizona_State"
"1205";"Mexicali"
"1206";"Salt_Lake_City"
"1207";"San_Diego"
"1208";"Scottsdale"
"1209";"The_Arizona_Republic"
"1210";"the_Salt_Lake_City"
"1211";"Tijuana"
"1212";"United_Way"
"1213";"Yavapai_County"
"1214";"Bedford"
"1215";"Briarcliff_Manor"
"1216";"County"
"1217";"Fifth_District"
"1218";"Greenburgh"
"1219";"North_Castle"
"1220";"North_Salem"
"1221";"North_Tarrytown"
"1222";"Ossining_Village"
"1223";"Pelham"
"1224";"Rye_City"
"1225";"Tarrytown"
"1226";"Yorktown"
"1227";"Malaya"
"1228";"Grigory_Zinoviev"
"1229";"Lev_Kamenev"
"1230";"Bukharin"
"1231";"Masaya"
"1232";"Yonsei"
"1233";"Nanchang"
"1234";"Shaanxi_Province"
"1235";"Sichuan"
"1236";"Yan'an"
"1237";"Yulin_County"
"1238";"Zhejiang"
"1239";"Albania"
"1240";"Nepmen"
"1241";"no_Anschluss_of_Austria"
"1242";"serfdom"
"1243";"Soviet_Republic"
"1244";"The_Soviet_Soldier"
"1245";"the_Spanish_Republic"
"1246";"U.S.A."
"1247";"Zhdanov"
"1248";"Guangdong"
"1249";"Guangdong_Province"
"1250";"Henan_Province"
"1251";"Inner_Mongolia"
"1252";"Kaifeng"
"1253";"BEIJING"
"1254";"Turmoil"
"1255";"Francois"
"1256";"ANGOLA_JOHANNESBURG"
"1257";"Natal"
"1258";"Natal_Province"
"1259";"Pietermaritzburg"
"1260";"Zulu"
"1261";"democratic_Soviet_Union"
"1262";"-Costa_Rica"
"1263";"Acholi"
"1264";"Acholiland"
"1265";"Jinja"
"1266";"Idutywa"
"1267";"Ladysmith"
"1268";"Nqamakwe"
"1269";"Thabo_Mbeki"
"1270";"Quebec_City"
"1271";"Leyte"
"1272";"New_Brighton"
"1273";"Port_Elizabeth"
"1274";"Rivonia"
"1275";"Robben_Island"
"1276";"Thabo"
"1277";"flux"
"1278";"New_Paltz"
"1279";"Bingo_Village"
"1280";"Denver"
"1281";"Fairfield_County"
"1282";"Oronoque_Village"
"1283";"Pennsbury_Village"
"1284";"Pittsburgh"
"1285";"Robinson_Township"
"1286";"Stratford"
"1287";"Edison"
"1288";"Ayacucho_province"
"1289";"the_Upper_Huallaga_Valley"
"1290";"Dirkou"
"1291";"Czar"
"1292";"Golitsyn"
"1293";"Niece"
"1294";"Sheremetyev"
"1295";"Montreuil"
"1296";"Maricopa_County_Superior_Court"
"1297";"Ayacucho"
"1298";"Ayacucho_Province"
"1299";"Incas"
"1300";"Maganto"
"1301";"Tondo"
"1302";"Dreyfus"
"1303";"veranda"
"1304";"Moscow_City"
"1305";"Beltran"
"1306";"Maine_Goes"
"1307";"Ahmadis"
"1308";"Caliph"
"1309";"Hazrat"
"1310";"Javed_Akhtar"
"1311";"Peking"
"1312";"Tempe"
"1313";"Fayetteville"
"1314";"Forest_City"
"1315";"Mecklenburg_County"
"1316";"Minta"
"1317";"North_Carolina_'s"
"1318";"Mokotow"
"1319";"Solidarty"
"1320";"the_Primate_of_Poland"
"1321";"Panama_City"
"1322";"Prague"
"1323";"Assistant_United_States"
"1324";"Nitro"
"1325";"West_Virginia_'s"
"1326";"Boone"
"1327";"Thika"
"1328";"El_Comercio"
"1329";"Wellesley"
"1330";"Lenin_Hills"
"1331";"Copland"
"1332";"Kyonggi_Province"
"1333";"North_and_South_Cholla"
"1334";"North_and_South_Kyongsang_Provinces"
"1335";"North_Kyongsang"
"1336";"South_Cholla"
"1337";"South_Kyongsang"
"1338";"Sinaloa"
"1339";"Muscovites"
"1340";"Sverdlovsk"
"1341";"Babangida"
"1342";"Briton"
"1343";"Newswatch"
"1344";"Bordeaux"
"1345";"La_Rochelle"
"1346";"Vercingetorix"
"1347";"Osaka"
"1348";"Eskimo"
"1349";"North_Slope"
"1350";"North_Slope_Borough"
"1351";"Wadsworth"
"1352";"Yoido"
"1353";"the_Prayer_of_the_Faithful"
"1354";"Khost"
"1355";"Palau"
"1356";"Grenada"
"1357";"Aruba"
"1358";"St._Lucia"
"1359";"Sabuk"
"1360";"Irinia"
"1361";"the_Soviet_Revolution"
"1362";"Aldermen"
"1363";"Huntington"
"1364";"Prince_Ranariddh"
"1365";"Dominican_Republic"
"1366";"The_Dominican_Republic"
"1367";"Ala."
"1368";"Greensboro"
"1369";"O.A.S."
"1370";"Jeremie"
"1371";"Ictus"
"1372";"Sidarte"
"1373";"Express"
"1374";"the_R.S.S._Secular_State"
"1375";"all_United_States"
"1376";"Chinatown"
"1377";"Commu"
"1378";"Privolnoye"
"1379";"Stavropol"
"1380";"Volga"
"1381";"Williamsburg"
"1382";"Ellipse"
"1383";"Lafayette_Park"
"1384";"Md."
"1385";"Milwaukee"
"1386";"Potomac"
"1387";"Tennessee"
"1388";"the_District_of_Columbia_'s"
"1389";"Malkowski"
"1390";"Kyonggi"
"1391";"Palan"
"1392";"Chittagong"
"1393";"Bolivia"
"1394";"Oruro"
"1395";"Sucre"
"1396";"boycotts"
"1397";"Profil"
"1398";"Krasnoyarsk"
"1399";"Leadership"
"1400";"San_Miguel"
"1401";"Mosow"
"1402";"St._Vincent"
"1403";"Bauchi"
"1404";"Bendel"
"1405";"Ghent"
"1406";"Santa_Claus"
"1407";"K.C.I.A."
"1408";"Virginia"
"1409";"Y.W.C.A."
"1410";"Distance"
"1411";"The_Rochester"
"1412";"Haughey"
"1413";"I.R.A."
"1414";"north_Dublin"
"1415";"Soviet_Georgia"
"1416";"Bridge"
"1417";"Suffern"
"1418";"Union_City"
"1419";"Bonanza"
"1420";"Rosita"
"1421";"Siuna"
"1422";"Amman"
"1423";"King_Hassan"
"1424";"Arkansas"
"1425";"Custer"
"1426";"N.N."
"1427";"Pereyra"
"1428";"Magwanyani"
"1429";"Natal_province"
"1430";"Mauritius"
"1431";"MANHATTAN"
"1432";"Cohalan"
"1433";"Lindenhurst"
"1434";"Smithtown"
"1435";"Suffolk_County_'s"
"1436";"the_County_Legislature"
"1437";"Botswana"
"1438";"Nassau_County_Executive"
"1439";"Monmouth_County"
"1440";"Paterson"
"1441";"Roseland"
"1442";"Tokamak"
"1443";"Erie"
"1444";"Patagonia"
"1445";"Nassau_County_'s"
"1446";"North_Merrick"
"1447";"capitualte"
"1448";"Dewey"
"1449";"Grand_Bahama_Island"
"1450";"Hudson_County"
"1451";"Maldives"
"1452";"North_Brunswick"
"1453";"Somerdale"
"1454";"Falklands"
"1455";"Ulster"
"1456";"Aunt_Gertrude"
"1457";"maroon_robes"
"1458";"Gurdian"
"1459";"the_United_States_Marines"
"1460";"C.I.A."
"1461";"Costa_Rica_'s"
"1462";"Oslo"
"1463";"Unidad"
"1464";"Panama_City_'s"
"1465";"Santo"
"1466";"L'Unita"
"1467";"Mercer_County"
"1468";"New_Jersey_'"
"1469";"Phillipsburg"
"1470";"Trenton"
"1471";"Kremlin"
"1472";"Rizal"
"1473";"Rizal_Province"
"1474";"Wide_Uncertainty"
"1475";"Sandow"
"1476";"the_P.V.B._Sandow"
"1477";"Lockport"
"1478";"Nehru"
"1479";"the_United_States_of_'"
"1480";"Indonesians"
"1481";"Westernize"
"1482";"the_Malaysian_Federation"
"1483";"Hyde_Park"
"1484";"Putnam_County"
"1485";"Chiba"
"1486";"yakuza"
"1487";"Belmont"
"1488";"Agana"
"1489";"Guam"
"1490";"Armenia"
"1491";"Azerbaijan"
"1492";"Echo"
"1493";"Soviet_Armenia"
"1494";"Stepanakert"
"1495";"Yerevan"
"1496";"Inkatha"
"1497";"Azapo"
"1498";"Cape_Province"
"1499";"U.D.F."
"1500";"Bronx_Demo"
"1501";"Lahore"
"1502";"salute"
"1503";"Delvalle"
"1504";"Tampa"
"1505";"Cartagena"
"1506";"Los_Angeles_County"
"1507";"Moslem_Azerbaijan"
"1508";"Nagorno_-_Karabakh"
"1509";"the_Soviet_republic_of_Azerbaijan"
"1510";"Inchon"
"1511";"Delaware"
"1512";"Dukes_County"
"1513";"Edgartown"
"1514";"Elizabeth_Islands"
"1515";"the_Republic_of_Panama"
"1516";"Djibouti"
"1517";"Mitterrand"
"1518";"Solutre"
"1519";"the_Left_Bank"
"1520";"Crystal_City"
"1521";"Denville"
"1522";"Fort_Dix"
"1523";"Mo."
"1524";"New_Jersey_of_America"
"1525";"New_Jerseyans"
"1526";"New_Jesery"
"1527";"Pinelands"
"1528";"St._Louis"
"1529";"Sapora"
"1530";"Sheik_Hasina"
"1531";"East_Windsor"
"1532";"Stamford"
"1533";"the_United_States_Public_Health_Service"
"1534";"Cameroon"
"1535";"Gambia"
"1536";"LEAD"
"1537";"Madagascar"
"1538";"Sharpton"
"1539";"Park_Slope"
"1540";"Mich."
"1541";"Yogyakarta"
"1542";"East_Berlin_'s"
"1543";"West_LEAD"
"1544";"San_Miguelito"
"1545";"Greater_New_York"
"1546";"St._Francis_Xavier_High_School"
"1547";"St._Patrick"
"1548";"the_County_Executives"
"1549";"Forest_Hills"
"1550";"Woodside"
"1551";"Gerasimov"
"1552";"Great_Soviet_Encyclopedia"
"1553";"Urals"
"1554";"South_Boston"
"1555";"South_Boston_'s"
"1556";"South_Bostonian"
"1557";"St._Patrick_'s_Day"
"1558";"St._Patrick_'s_Day_parade"
"1559";"St._Francis"
"1560";"the_City_of_Syracuse"
"1561";"Saint_Johnsbury"
"1562";"Vt"
"1563";"Hudson"
"1564";"Lee_Chul"
"1565";"Molotov"
"1566";"North_and_South_Korea"
"1567";"Drang"
"1568";"Sovetskaya_Rossiya"
"1569";"Sturm"
"1570";"Muttontown"
"1571";"King_County"
"1572";"Kings_County"
"1573";"Lopat"
"1574";"the_United_States_Courthouse"
"1575";"Dagestan"
"1576";"Naberezhnye_Chelny"
"1577";"Stalingrad"
"1578";"Volgograd"
"1579";"Asmara"
"1580";"Tigre"
"1581";"Mingo_County"
"1582";"Soviet_Communism"
"1583";"U.S.I.A."
"1584";"Kirovograd"
"1585";"Murmansk"
"1586";"Olenegorsk"
"1587";"Teffi"
"1588";"Verguny"
"1589";"Zaporozhe"
"1590";"Zhitomir"
"1591";"Vichy"
"1592";"Sobesednik"
"1593";"Sovetskaya_Kultura"
"1594";"Gdynia"
"1595";"Jaruzelski"
"1596";"Flemish"
"1597";"Limburg"
"1598";"Volksunie"
"1599";"Beida"
"1600";"Jiangxi_Province"
"1601";"Dukakis"
"1602";"Holliswood"
"1603";"Indianapolis"
"1604";"St._John_'s_University"
"1605";"the_Upper_West_Side"
"1606";"Islam"
"1607";"People_'s_Republic_of_Kampuchea"
"1608";"Crown_Heights"
"1609";"Guyana"
"1610";"Gaza"
"1611";"Zeitoun"
"1612";"Anatoly_Koryagin"
"1613";"Pegu"
"1614";"Dutchess"
"1615";"Suffolk_county"
"1616";"Bainbridge"
"1617";"Broome_County"
"1618";"New_York_State_Legislature"
"1619";"Tears"
"1620";"Comptroller"
"1621";"Azerbaijani"
"1622";"Martun"
"1623";"Sumgait"
"1624";"the_Armenian_Republic"
"1625";"the_Republic_of_Azerbaijan"
"1626";"Sapoa"
"1627";"the_United_States_Central_Intelligence_Agency"
"1628";"Leah"
"1629";"Hongjaedong"
"1630";"Koreas"
"1631";"Panmunjom"
"1632";"Continue"
"1633";"Bribes_Dave_S._Hattem"
"1634";"Englewood"
"1635";"Grandview"
"1636";"Montvale"
"1637";"Old_Westbury"
"1638";"Literary"
"1639";"Soviet_Uzbekistan"
"1640";"Tashkent"
"1641";"Armenian_Republic"
"1642";"republics"
"1643";"the_Soviet_Republic_of_Azerbaijan"
"1644";"Gibralter"
"1645";"Lisburn"
"1646";"Costas_Rica"
"1647";"Shultz"
"1648";"The_Hague"
"1649";"St._Marks"
"1650";"Paige"
"1651";"Stein"
"1652";"Oleinik"
"1653";"Brasov"
"1654";"St._Albans"
"1655";"Allahabad"
"1656";"Lilco"
"1657";"Dungu"
"1658";"Kinshasa"
"1659";"United_States_'"
"1660";"Fort_Greene"
"1661";"Misleading"
"1662";"Proceso"
"1663";"Televisa"
"1664";"Chontales_Province"
"1665";"Juigalpa"
"1666";"Aarmenia"
"1667";"the_Azerbaijan_Soviet_Socialist_Republic"
"1668";"the_Republic_of_Armenia"
"1669";"Armenian_republic"
"1670";"Gediminas"
"1671";"the_Soviet_republic_of_Lithuania"
"1672";"Trakai"
"1673";"Long_Island_'s"
"1674";"Selden"
"1675";"S.E.C."
"1676";"Manfred_Ohrenstein"
"1677";"Sasol"
"1678";"Nandaime"
"1679";"Neva"
"1680";"Arrayed"
"1681";"Id_-_El_-_Kabir"
"1682";"Katsina"
"1683";"Analisis"
"1684";"Dawson_Island"
"1685";"Barkhamsted"
"1686";"D.C."
"1687";"Torrington"
"1688";"Winchester"
"1689";"Government"
"1690";"Junejo"
"1691";"Stalowa_Wola"
"1692";"North_West_Frontier_Province"
"1693";"Punjab_Province"
"1694";"Rawalpindi"
"1695";"the_Zia_years"
"1696";"a_Soviet_Union"
"1697";"poland"
"1698";"Pasadena"
"1699";"Chilean"
"1700";"Natalya"
"1701";"Hong_Keun"
"1702";"Manifesto"
"1703";"Cardenas"
"1704";"Jong_Chul"
"1705";"Kokstad"
"1706";"Swaziland"
"1707";"the_Republic_of_South_Africa"
"1708";"Armenpress"
"1709";"Azeris"
"1710";"Islamic_Azerbaijan"
"1711";"Cerro_Navia"
"1712";"Vina"
"1713";"South_Williamsport"
"1714";"Nyack"
"1715";"Oneonta"
"1716";"Tuxedo"
"1717";"Upper_Saddle_River"
"1718";"Oneida_County"
"1719";"Moisi"
"1720";"Port_Jervis"
"1721";"the_New_York_City_Cultural_Affairs_Department"
"1722";"Poughkeepsie"
"1723";"the_State_of_the_State_Message"
"1724";"Dover"
"1725";"Bosnia_-_Herzegovina"
"1726";"Kosovo_Province"
"1727";"Serbia"
"1728";"Montenegrin"
"1729";"Montenegro"
"1730";"the_Montenegrin_Republic"
"1731";"Vojvodina_Province"
"1732";"Isael"
"1733";"the_Gaza_Strip"
"1734";"bandana"
"1735";"Bethesda"
"1736";"Tabasco"
"1737";"ISRAEL"
"1738";"Tehiya"
"1739";"North_Bergen"
"1740";"Essex"
"1741";"Long_Branch_City"
"1742";"Mercer"
"1743";"Middlesex"
"1744";"Middlesex_County"
"1745";"Monmouth"
"1746";"Ocean_Counties"
"1747";"Union"
"1748";"Bantu"
"1749";"Congo"
"1750";"Hutu"
"1751";"Livingston"
"1752";"Ntega"
"1753";"Prince_Louis_Rwagasore"
"1754";"Stanley"
"1755";"Jablonna"
"1756";"Fort_Wayne"
"1757";"Haifa"
"1758";"the_State_of_Israel"
"1759";"yeshivas"
"1760";"the_Czechoslovak_republic_in_1918"
"1761";"Orange_Free_State"
"1762";"Katowice"
"1763";"Indo"
"1764";"Isabelita"
"1765";"Agudat_Israel_'s"
"1766";"Westechester_County"
"1767";"Staten_Island_'s"
"1768";"G.M."
"1769";"Julie"
"1770";"Sukhreet"
"1771";"Dongan_Hills"
"1772";"New_Jobs"
"1773";"Tottenville"
"1774";"Westerly"
"1775";"Newfield"
"1776";"Divorce"
"1777";"Tanauan"
"1778";"Steinberg"
"1779";"Tuckahoe"
"1780";"P.L.O."
"1781";"Lodz"
"1782";"a.k.a_."
"1783";"District_of_Columbia"
"1784";"Nydia"
"1785";"Wonderland"
"1786";"Manhattan_Borough"
"1787";"Bellport"
"1788";"St._John_'s_Prep"
"1789";"M.P.L.A."
"1790";"States"
"1791";"Gastronom"
"1792";"THE_Soviet_Union"
"1793";"Popo_Molefe"
"1794";"Voronezh"
"1795";"Belchatow"
"1796";"Asuncion"
"1797";"Jamiat"
"1798";"Peshawar"
"1799";"Lieutenant"
"1800";"Lavan"
"1801";"Battery_Park_City"
"1802";"Amin"
"1803";"Benin_,_Camaroon"
"1804";"British_Empire"
"1805";"Buganda"
"1806";"Dar_-_es_-_Salaam"
"1807";"Frelimo"
"1808";"green_bananas"
"1809";"Luwero"
"1810";"Makeru"
"1811";"Mbarara"
"1812";"Soroti"
"1813";"Transylvania"
"1814";"New_York_County"
"1815";"the_Virgin_Islands"
"1816";"Hainan_Island"
"1817";"F._A._O._Schwarz"
"1818";"St._Marks_Place"
"1819";"Mahnattan"
"1820";"yearbooks"
"1821";"Nebaj"
"1822";"Puerto_Quetzal"
"1823";"Santa_Cruz"
"1824";"Board"
"1825";"Allah"
"1826";"Khomeini"
"1827";"Nimby"
"1828";"The_City_'s"
"1829";"the_All_Union"
"1830";"New_Yorker"
"1831";"Izmir"
"1832";"Safire"
"1833";"Islamic_Republic"
"1834";"the_Islamic_Republic"
"1835";"Caucus"
"1836";"Hisashi_Shinto"
"1837";"Dudley"
"1838";"Huntingdon"
"1839";"Fort_Worth"
"1840";"Tesoro_Beach"
"1841";"Abkhazia"
"1842";"Ann_Arbor"
"1843";"Sukhumi"
"1844";"Tbilisi"
"1845";"the_Abkhazian_Autonomous_Republic"
"1846";"the_Adzharian_Autonomous_Republic"
"1847";"the_South_Ossetian_Autonomous_Region"
"1848";"Muenster"
"1849";"Without_United_States"
"1850";"Datsun"
"1851";"the_People_'s_Republic_of_China"
"1852";"the_Peoples_Republic_of_China"
"1853";"the_United_States_Liaison_Office"
"1854";"Zhongguancun"
"1855";"San_Ildefonso"
"1856";"Greater_Toronto"
"1857";"St._Paul"
"1858";"Ithaca"
"1859";"the_Soviet_Empire_Self_-_Destruct"
"1860";"A._City"
"1861";"L.U.C."
"1862";"New_York_City_Charter"
"1863";"Halle"
"1864";"the_Republic_of_China"
"1865";"Zhongnanhai"
"1866";"Hoboken"
"1867";"Achille_LEAD"
"1868";"new_city"
"1869";"the_Borough_of_Queens"
"1870";"Sind"
"1871";"Amir_Abdur"
"1872";"Bolinas"
"1873";"Vilem"
"1874";"Cincinnati"
"1875";"Kansas_City"
"1876";"Tobago"
"1877";"Trinidad"
"1878";"UNITED_States"
"1879";"Canton"
"1880";"Hong_Kong_Island"
"1881";"Macao"
"1882";"Macau"
"1883";"Typhoon_Brenda"
"1884";"Victoria_Park"
"1885";"Sichuan_province"
"1886";"Changchun"
"1887";"Guiyang"
"1888";"new_heights"
"1889";"Orbita"
"1890";"the_Estonian_republic"
"1891";"Oktyabr"
"1892";"Israel_Ruiz_Jr."
"1893";"Morazan"
"1894";"Medellin"
"1895";"Beijing_Military_Region"
"1896";"Hydra"
"1897";"Austin"
"1898";"Yalta"
"1899";"Longfang"
"1900";"Shenyang"
"1901";"Moscovites"
"1902";"Bergen_County"
"1903";"Brick_Township"
"1904";"Demarest"
"1905";"Essex_County"
"1906";"Far_Hills"
"1907";"Gloucester_Township"
"1908";"Hackettstown"
"1909";"Hunterdon_County"
"1910";"Matawan"
"1911";"Oakland"
"1912";"southern_county"
"1913";"Sussex"
"1914";"Councilmen"
"1915";"H.U.D._City"
"1916";"Inwood"
"1917";"Clinton_Hill"
"1918";"the_Russian_Federation"
"1919";"Arverne"
"1920";"Jamaran"
"1921";"Lipski"
"1922";"Harvey_Falk"
"1923";"the_United_States_-_China"
"1924";"Fullerton"
"1925";"Lancaster"
"1926";"Kosorgor"
"1927";"central_city"
"1928";"broccoli"
"1929";"Shandong"
"1930";"Mongkok"
"1931";"Bayonne"
"1932";"Midland"
"1933";"Coney_Island"
"1934";"Montrose"
"1935";"Bastille"
"1936";"north_Teheran"
"1937";"propaganda"
"1938";"Liaoning_Province"
"1939";"Hebei_Province"
"1940";"St._Philip_'s"
"1941";"safari"
"1942";"the_City_Clerk"
"1943";"Dortmund"
"1944";"Stuttgart"
"1945";"the_United_States_Embassy"
"1946";"West_43d_Street"
"1947";"Changping_County"
"1948";"Daxing"
"1949";"Huangtu_Village"
"1950";"Taishi"
"1951";"Lanzhou"
"1952";"Democratic_County"
"1953";"Staten_Island_Borough"
"1954";"the_City_of_Staten_Island"
"1955";"Schwarz"
"1956";"Gorbymania"
"1957";"the_West_Even"
"1958";"Brandeis"
"1959";"A._Borough"
"1960";"Banzhaf"
"1961";"Stony_Brook"
"1962";"The_New_York_City_Charter_Revision_Commission"
"1963";"Spring"
"1964";"St._George"
"1965";"Varick"
"1966";"Dimieni"
"1967";"Scornicesti"
"1968";"Vladiceausca"
"1969";"Leon"
"1970";"Komeito"
"1971";"Yokohama"
"1972";"Renamo"
"1973";"Hunger"
"1974";"Myanmar"
"1975";"Yangon"
"1976";"Manhattan_Beach"
"1977";"Elmhurst"
"1978";"the_West_Indies"
"1979";"Colesville"
"1980";"dyspeaksia"
"1981";"the_State_of_New_York_'s"
"1982";"Dresden"
"1983";"Karl_-_Marx_-_Stadt"
"1984";"Kremlinology"
"1985";"Rossville"
"1986";"Tottensville"
"1987";"Donetsk"
"1988";"Jiangsu"
"1989";"Nanjing"
"1990";"New_View"
"1991";"Adam"
"1992";"Bangalore"
"1993";"Georgetown"
"1994";"Hills"
"1995";"Kandy"
"1996";"Negombo"
"1997";"Nepal"
"1998";"Nuwara_Eliya"
"1999";"the_Sinhala"
"2000";"Trivandrum"
"2001";"New_York_City_Comptroller"
"2002";"Bosnia_and_Herzegovina"
"2003";"Croatia"
"2004";"Macedonia"
"2005";"NEW_YORK_CITY_'S"
"2006";"Comibol"
"2007";"Fujian"
"2008";"Fujian_Province"
"2009";"Xiamen"
"2010";"the_German_Democratic_Republic"
"2011";"Castel_Gandolfo"
"2012";"Douglaston"
"2013";"Flushing_or"
"2014";"Maspeth"
"2015";"Morrisania"
"2016";"Newtown"
"2017";"Queens_Village"
"2018";"Spuyten_Duyvil_Creek"
"2019";"The_City_of_New_York"
"2020";"the_County_of_Richmond"
"2021";"Estonia_Strike"
"2022";"Tela"
"2023";"Nowata"
"2024";"Okla."
"2025";"Pryor"
"2026";"Salina"
"2027";"South_Dakota"
"2028";"Tulsa"
"2029";"Chelm"
"2030";"POLAND"
"2031";"Laski"
"2032";"Silesia"
"2033";"Czechoslavakia"
"2034";"Nampo"
"2035";"NORTH_KOREA"
"2036";"Yongbyon"
"2037";"St._Brygida_'s"
"2038";"St._Stanislaw"
"2039";"St._George_'s"
"2040";"Guguletu"
"2041";"Bogota"
"2042";"Gbdolite"
"2043";"Savimbi"
"2044";"Kachin_State"
"2045";"Matrosskaya"
"2046";"Vacation"
"2047";"Vremya"
"2048";"Madisonian"
"2049";"San_Pedro_Sula"
"2050";"Baltic_Republics"
"2051";"Izhevsk"
"2052";"Moskva"
"2053";"North_Vietnam"
"2054";"the_Baltic_Republics"
"2055";"the_Netherlands"
"2056";"Tehran"
"2057";"Westernizing"
"2058";"Greenpoint"
"2059";"Doles"
"2060";"Koszalin"
"2061";"Sajudis"
"2062";"Amir_Salem"
"2063";"Helwan"
"2064";"the_New_York_City_Charter_Revision_Commission_'s"
"2065";"Huguenot"
"2066";"Danbury"
"2067";"Carolinas"
"2068";"Greenwich"
"2069";"Norweigan"
"2070";"Metrostav"
"2071";"Noviny"
"2072";"the_Georgian_republic"
"2073";"Yevlakh"
"2074";"Parliamentary"
"2075";"Onondaga_County"
"2076";"Washington_State"
"2077";"Soviet_republic"
"2078";"Yorkville"
"2079";"THE_People_'s_Republic_of_China"
"2080";"Khmer"
"2081";"Ksenija"
"2082";"Milena"
"2083";"The_Soviet_Legislature"
"2084";"Maj"
"2085";"Andreas"
"2086";"Leipzig"
"2087";"Saudi_Arabia_'s"
"2088";"Honk_Kong"
"2089";"German_Democratic_Republic"
"2090";"JR"
"2091";"Shore_Haven"
"2092";"Jafta"
"2093";"Pollsmoor"
"2094";"Sekhukhunel"
"2095";"East_Elmhurst"
"2096";"Noginsk"
"2097";"the_United_States_Federal_Reserve"
"2098";"The_Hungarian_Republic"
"2099";"the_Republic_of_Hungary"
"2100";"Wyoming"
"2101";"Katutura"
"2102";"Nujoma"
"2103";"Ongandjera"
"2104";"Swapo"
"2105";"Toivo"
"2106";"Constantia"
"2107";"Halabja"
"2108";"the_Russian_Federation_'s"
"2109";"Yedintsvo"
"2110";"Hyannis"
"2111";"East_Germany_-_Dresden"
"2112";"Jena"
"2113";"Magdeburg"
"2114";"Neubrandenburg"
"2115";"Sofia"
"2116";"Hainan"
"2117";"Hunan_Province"
"2118";"Wisconsin"
"2119";"Acropolis"
"2120";"the_Chicago_of_Al_Capone"
"2121";"Fairfax_County"
"2122";"Richmond"
"2123";"Boca_Raton"
"2124";"Ovambo"
"2125";"Silver_Spring"
"2126";"Alipur"
"2127";"Arrah"
"2128";"Patna"
"2129";"New_Democracy"
"2130";"Baabda"
"2131";"the_Greater_City"
"2132";"Toshevtsi"
"2133";"Kerak"
"2134";"Baluchistan"
"2135";"Manpower"
"2136";"EAST_GERMANY"
"2137";"HUNGARY"
"2138";"Moldavia"
"2139";"RUMANIA"
"2140";"Neues_Deutschland"
"2141";"Babylon_Township"
"2142";"Citrus_County"
"2143";"Comsewogue"
"2144";"Riverhead"
"2145";"the_Mount_Sinai_District"
"2146";"Huancayo"
"2147";"Sicaya"
"2148";"Evanston"
"2149";"Greenblatt"
"2150";"Tenzer"
"2151";"St._Thomas"
"2152";"Abeokuta"
"2153";"Almudena"
"2154";"the_Lithuanian_republic"
"2155";"East"
"2156";"Alexanderplatz"
"2157";"East_Belin"
"2158";"Gorlitz"
"2159";"Hof"
"2160";"Lubeck"
"2161";"Czechoslvakia"
"2162";"Czechsosvakia"
"2163";"Hradcany_hill"
"2164";"Soviet_Azerbaijan"
"2165";"Dubcek"
"2166";"Slovakia"
"2167";"the_Slovak_Socialist_Republic"
"2168";"Hapsburg"
"2169";"Haydn"
"2170";"the_Hapsburg_Empire"
"2171";"Luisenthal"
"2172";"Mecklenburg"
"2173";"Pankow"
"2174";"Thuringia"
"2175";"the_Slovak_republic"
"2176";"Bekaa"
"2177";"Damascus"
"2178";"Saudi_Ambassadors"
"2179";"Zahle"
"2180";"Zgharta"
"2181";"Bremen"
"2182";"East_Germany_'"
"2183";"Hans_Modrow"
"2184";"Brno"
"2185";"Gujarat"
"2186";"North_India"
"2187";"Frenstat_pod_Radhostem"
"2188";"Moravia"
"2189";"Troutnova"
"2190";"Minotaur"
"2191";"Ypsilon"
"2192";"Bhimla_Khalsa"
"2193";"Patiala"
"2194";"Upper_Darby"
"2195";"Cochabamba"
"2196";"South_LEAD"
"2197";"Stowe"
"2198";"the_United_States_Aid_Program"
"2199";"Normandy"
"2200";"Valmont"
"2201";"Haikou"
"2202";"Hong_Kong_'"
"2203";"Yangpu"
"2204";"Savannah"
"2205";"West_Berliners"
"2206";"the_republic_of_Armenia"
"2207";"the_republic_of_Latvia"
"2208";"Laterna_Magica"
"2209";"Andhra"
"2210";"Assam"
"2211";"Orissa"
"2212";"Sharad_Yadav_of_Uttar"
"2213";"Makati"
"2214";"Manila_Bay"
"2215";"Berlin_-_Brandenburg"
"2216";"Jesse"
"2217";"Mattituck"
"2218";"Ljubljana"
"2219";"Newton"
"2220";"Sputnik"
"2221";"Moca"
"2222";"Beatle"
"2223";"Slovaks"
"2224";"The_German_Democratic_Republic"
"2225";"I.R.S."
"2226";"Inner_City"
"2227";"Roman_Rite"
"2228";"Normalized"
"2229";"Tungsram"
"2230";"turkey"
"2231";"Cebu"
"2232";"Pampanga"
"2233";"Tarlac_province"
"2234";"the_republic_of"
"2235";"the_southern_republic"
"2236";"New_York_-10"
"2237";"Bosnia"
"2238";"Treblinka"
"2239";"Tompkinsville"
"2240";"the_Czechoslovak_Republic"
"2241";"Miami_Beach"
"2242";"Rego_Park"
"2243";"Cotabato_city_'"
"2244";"Zamboanga"
"2245";"Plauen"
"2246";"Greater_Germany"
"2247";"S.E.D.-P.D.S."
"2248";"West_Germany_'"
"2249";"West_Side"
"2250";"Mamatey"
"2251";"the_United_States_Third_Army"
"2252";"Oswego"
"2253";"Timisoara"
"2254";"Ploesti"
"2255";"Tirgoviste"
"2256";"Technica"
"2257";"Chittenden_County"
"2258";"Panama_Canal_Zone"
"2259";"Matanzima"
"2260";"Umkhonto"
"2261";"Umtata"
"2262";"Venda"
"2263";"Xhosas"
"2264";"Romania"
"2265";"TOKYO"
"2266";"Kaunas"
"2267";"Mariampol"
"2268";"Siauliai"
"2269";"Maro_Secade"
"2270";"Oregon"
"2271";"Ceausescus"
"2272";"Bacalu"
"2273";"Kew_Gardens"
"2274";"St._Wenceslas"
"2275";"Davao_City"
"2276";"Dec.1"
"2277";"Enrile"
"2278";"Geronimo_Velasco"
"2279";"Hapsburgs"
"2280";"Hradcany_Castle"
"2281";"Brighton_Beach"
"2282";"Off_Broadway"
"2283";"Off_Off_Broadway"
"2284";"Todt_Hill"
"2285";"Jelinek"
"2286";"the_United_LEAD"
"2287";"Yorktown_Heights"
"2288";"Jamal"
"2289";"B.A."
"2290";"Constanza"
"2291";"Boteni"
"2292";"Dinkinses"
"2293";"Dakota"
"2294";"Ind."
"2295";"New_York_Chinatown"
"2296";"St._Patrick_'s"
"2297";"City_Island"
"2298";"the_United_States_Marine_Corps"
"2299";"Tunis"
"2300";"Yedioth_Aharonoth"
"2301";"OCTAVIO"
"2302";"Guerrillas"
"2303";"Kampuchea"
"2304";"Phnom_Penh_'s"
"2305";"Mmenyu"
"2306";"Ioana"
"2307";"North_and_South_America"
"2308";"the_United_States_Ambassador_'s"
"2309";"the_United_Federation_of_Teachers"
"2310";"Training"
"2311";"New_Jerseyan"
"2312";"New_York_City_:"
"2313";"Kaliningrad"
"2314";"the_wayward_republic"
"2315";"Slovak"
"2316";"Puciosa"
"2317";"Tirana"
"2318";"Ulan"
"2319";"Muslim_Azerbaijan"
"2320";"Nakhichevan"
"2321";"Nidj"
"2322";"the_distant_republic_'s"
"2323";"Calgary"
"2324";"Hamilton"
"2325";"the_United_States_-_Canada"
"2326";"Inner_City_'s"
"2327";"the_Czechoslovak_Socialist_Republic"
"2328";"Comm"
"2329";"Sowetan"
"2330";"Tribute"
"2331";"Helsinki_II"
"2332";"the_Soviet_Federation"
"2333";"Yazov"
"2334";"Buthelezi"
"2335";"Madiba"
"2336";"the_Georgian_Republic"
"2337";"Sacramento_County"
"2338";"the_Czech_republic"
"2339";"united_Germany"
"2340";"Brooklyn_Rivera"
"2341";"a_united_Germany"
"2342";"Lead"
"2343";"Timis"
"2344";"the_Russian_republic_'s"
"2345";"Thurman"
"2346";"Cristiana"
"2347";"Granada"
"2348";"Somoza"
"2349";"U.N.O."
"2350";"Aera"
"2351";"The_Liberal_Democrats"
"2352";"Dade_County"
"2353";"the_United_States_Conference_of_Mayors"
"2354";"West_Palm_Beach"
"2355";"Muthaiga"
"2356";"bauhinia"
"2357";"Ceaucescu"
"2358";"ROMANIA"
"2359";"united_Germany_'s"
"2360";"the_Latvian_republic"
"2361";"Potkrepa"
"2362";"Bernardsville"
"2363";"D.A.R."
"2364";"the_Soviet_Government"
"2365";"new_City_of_Staten_Island"
"2366";"Esteli"
"2367";"Leninvaros"
"2368";"Chamorros"
"2369";"Baltic_republic_of_Estonia"
"2370";"Rukh"
"2371";"North_Down"
"2372";"the_Republic_of_Ireland"
"2373";"the_United_Kinddom"
"2374";"Ciskei"
"2375";"Kathlehong"
"2376";"Bradford"
"2377";"Hackney"
"2378";"Wandsworth"
"2379";"the_Soviet_republic_of_Georgia"
"2380";"Warren_County"
"2381";"Barczewo"
"2382";"Havel"
"2383";"Hradec"
"2384";"Kolakowski"
"2385";"Kuron"
"2386";"Modzelewski"
"2387";"the_Sudetenland_of_Czechoslovakia"
"2388";"Metairie"
"2389";"Luxembourg"
"2390";"Fauntroy"
"2391";"South_Carolina"
"2392";"Valium"
"2393";"Xanax"
"2394";"Chenango_County"
"2395";"Cagayan_Province"
"2396";"the_republic_of_Namibia"
"2397";"Saud_Arabia"
"2398";"Sicily"
"2399";"Enthusiasm"
"2400";"Majlis"
"2401";"Brioni"
"2402";"Kirghiz"
"2403";"Nasser"
"2404";"the_Uzice_Republic"
"2405";"Tito"
"2406";"West_Tito_'s"
"2407";"Zagreb"
"2408";"Zajecar"
"2409";"Chinas"
"2410";"Puerto_Rico_'s"
"2411";"Shas"
"2412";"Unionist"
"2413";"the_breakaway_republic_'s"
"2414";"Tocumen"
"2415";"Torrijos"
"2416";"Kashmiris"
"2417";"Edendale"
"2418";"Henley"
"2419";"Qwa_Qwa"
"2420";"Sebokeng"
"2421";"Aleppo"
"2422";"Assad"
"2423";"Ceausescu"
"2424";"Hama"
"2425";"Kourieh"
"2426";"Lockerbie"
"2427";"new_mosques"
"2428";"Qurdaha"
"2429";"the_Qassioun_Hills"
"2430";"Timosoara"
"2431";"THEY'RE"
"2432";"Bessarabia"
"2433";"Sudetenland"
"2434";"Malawi"
"2435";"Zomba"
"2436";"Kirtipur"
"2437";"Woodhaven"
"2438";"Tallinn"
"2439";"Modesto"
"2440";"Ogrodniki"
"2441";"the_Soviet_republic_of"
"2442";"C.S.C.E."
"2443";"Cape_Verde"
"2444";"Mavinga"
"2445";"Visit_Zambia"
"2446";"Bhaktapur"
"2447";"Janakpur"
"2448";"kingdom"
"2449";"Patan"
"2450";"Rampur"
"2451";"New_Haven_-_'"
"2452";"Chand"
"2453";"West_Germary"
"2454";"Edmonton"
"2455";"Eliahu_Mizrahi"
"2456";"New_York_State_Solicitor"
"2457";"Taipei_County"
"2458";"Galilee"
"2459";"Luvavitch"
"2460";"Safad"
"2461";"the_breakaway_republic"
"2462";"the_Baltic_republic_'_'"
"2463";"this_Himalayan_kingdom"
"2464";"the_Lithuanian_republic_'"
"2465";"Kashgar"
"2466";"Xinjiang_province"
"2467";"Taian"
"2468";"Wenzhou"
"2469";"Ignalina"
"2470";"Polotsk"
"2471";"Soviet_Primeininister"
"2472";"the_republic_of_Byelorussia"
"2473";"the_western_Soviet_Union"
"2474";"Prince_Norodom_Sihanouk"
"2475";"Tempo"
"2476";"Tupoloven"
"2477";"NEW_YORKERS"
"2478";"Vedado"
"2479";"Demos"
"2480";"the_northern_republic_'s"
"2481";"Baren"
"2482";"Urumqi"
"2483";"Yili"
"2484";"Salvador"
"2485";"Coppet"
"2486";"Casa_Rosa"
"2487";"Olivos"
"2488";"Yoma"
"2489";"Mulumba"
"2490";"a_United_States_of_Europe"
"2491";"Federalism"
"2492";"Yoruba"
"2493";"Punjabi"
"2494";"Shahjewna"
"2495";"Sind_Province"
"2496";"Zairian"
"2497";"Harwinton"
"2498";"Mansfield"
"2499";"Kennebunkport"
"2500";"M.I.-5"
"2501";"Assisi"
"2502";"the_King_of_Bhutan"
"2503";"Alentejo"
"2504";"Humboldt"
"2505";"white_county"
"2506";"Daley"
"2507";"Dominica"
"2508";"Russian_republic"
"2509";"the_republic_parliament"
"2510";"The_Russian_republic"
"2511";"the_Soviet_Legislature"
"2512";"Habsburg"
"2513";"The_Moldavian_republic"
"2514";"Republican_United_States"
"2515";"Suffolk_County_District"
"2516";"Wayne_County"
"2517";"Halifax"
"2518";"Slovak_Federative_Republic"
"2519";"Moledet"
"2520";"Old_City"
"2521";"Kabisig"
"2522";"india"
"2523";"Beit_Shean"
"2524";"Youngstown"
"2525";"Niagara_County"
"2526";"the_Russian_federated_republic"
"2527";"the_Russian_republic_alone"
"2528";"Intourist"
"2529";"St._Petersburg"
"2530";"a_United_States_of_Italy"
"2531";"Bergamo"
"2532";"Italys"
"2533";"Lombardy"
"2534";"Mafiosi"
"2535";"Piedmont"
"2536";"Pontida"
"2537";"Veneto"
"2538";"Camden"
"2539";"the_Polish_Republic"
"2540";"Benelux"
"2541";"Mrs"
"2542";"Hibernia"
"2543";"Newfoundland"
"2544";"Winnipeg"
"2545";"SoHo"
"2546";"Potsdam"
"2547";"Sindhis"
"2548";"the_Republic_of_Croatia"
"2549";"the_Guangzhou_Military_Region"
"2550";"the_Shenyang_Military_Region"
"2551";"Western_Kremlin"
"2552";"St._Stephen"
"2553";"the_Russian_republic_Parliament"
"2554";"The_Russian_republic_Parliament"
"2555";"Bundeswehr"
"2556";"the_united_Germany"
"2557";"S.D.L.P."
"2558";"Iquique"
"2559";"Pisagua"
"2560";"Klin"
"2561";"Austro_-_Hungarian"
"2562";"Czechoslovkia"
"2563";"E.C."
"2564";"Il_Sole-24"
"2565";"Yelabuga"
"2566";"Xinjiang_Province"
"2567";"Cojuangco"
"2568";"Padre_Burgos"
"2569";"Tarlac_Province"
"2570";"British_Nyasaland"
"2571";"Lubumbashi"
"2572";"the_Ivory_Coast_and_Gabon"
"2573";"Brighton"
"2574";"South_Wales"
"2575";"Tredegar"
"2576";"San_Remo"
"2577";"Majdanek"
"2578";"Savak"
"2579";"Naivasha"
"2580";"Petersburg"
"2581";"Anatolijs_Gorbunovs"
"2582";"Jurmala"
"2583";"Port_of_Spain"
"2584";"Kalenjin"
"2585";"Kikuyu"
"2586";"Gabon"
"2587";"the_Soviet_Parliament"
"2588";"Barbados"
"2589";"the_Small_Hural"
"2590";"Aeronica"
"2591";"Jae"
"2592";"North_Korea_'"
"2593";"U.S.I.S."
"2594";"Berwick"
"2595";"Omaha"
"2596";"Brandenburg"
"2597";"Barco_Vargas"
"2598";"Virgilio"
"2599";"Bassein"
"2600";"New_Mexico"
"2601";"Branford"
"2602";"Brookfield"
"2603";"Louisville"
"2604";"Meriden"
"2605";"New_Britain"
"2606";"Waterbury"
"2607";"F.S.L.N."
"2608";"Baja"
"2609";"JAVIER"
"2610";"United_Germany"
"2611";"Benazir_Bhutto"
"2612";"Billie_Holiday"
"2613";"the_Mongolian_Republic"
"2614";"Richmond_Counties"
"2615";"Roosevelt_Island"
"2616";"U.P.S."
"2617";"the_United_Democrats"
"2618";"hemp"
"2619";"West_Point"
"2620";"Farmington"
"2621";"Bhutan"
"2622";"Gauhati"
"2623";"Tripura"
"2624";"Sawabi"
"2625";"Patti"
"2626";"a_United_States_of_Central_Europe"
"2627";"Soviet_Moldavia"
"2628";"Aylwin"
"2629";"C.D."
"2630";"the_Croatian_republic"
"2631";"Busia"
"2632";"Interfax"
"2633";"Kirghizia"
"2634";"Tadzhikistan"
"2635";"the_republic_of_Turkmenia"
"2636";"Mandalay"
"2637";"Kishinev"
"2638";"Nikolayev"
"2639";"Odessa"
"2640";"Tikriti"
"2641";"Varna"
"2642";"Alberta_BROCKET"
"2643";"Mohawk"
"2644";"Oka"
"2645";"Arvene"
"2646";"Rockaway"
"2647";"Hebei_province"
"2648";"Montevideo"
"2649";"Xai_-_Xai"
"2650";"Absurdistan"
"2651";"Winter"
"2652";"Camden_County"
"2653";"Cape_province"
"2654";"Gloucester_County"
"2655";"Bahrain"
"2656";"Kuwait_City"
"2657";"Qatar"
"2658";"Emirates"
"2659";"Yemen"
"2660";"Watts"
"2661";"Stasi"
"2662";"Rio"
"2663";"Boiling_Springs"
"2664";"Columbia"
"2665";"Greenville"
"2666";"Richland"
"2667";"Spartanburg"
"2668";"North_Dakota"
"2669";"Novaya_Zemlya"
"2670";"The_Russian_Republic"
"2671";"Benrose"
"2672";"Zulus"
"2673";"the_Borough_of_Staten_Island"
"2674";"Pushmipullyu"
"2675";"Copei"
"2676";"Lara_State"
"2677";"Altoona"
"2678";"Ba"
"2679";"Harrisburg"
"2680";"West_Philadelphia"
"2681";"Larkana"
"2682";"Hamden"
"2683";"New_London"
"2684";"Southington"
"2685";"The_Star_of_Johannesburg"
"2686";"U.D.C."
"2687";"Blackpool"
"2688";"Katlehong"
"2689";"Thokoza"
"2690";"Vosloorus"
"2691";"Hayek"
"2692";"Chautauqua_County"
"2693";"Punjab_province"
"2694";"Samar"
"2695";"Cleveland_Heights"
"2696";"Gulf"
"2697";"another_Soviet_Socialist_Republic_-_Buryatia_-_sprang"
"2698";"the_Gagauz_republic"
"2699";"the_new_republic"
"2700";"the_republic_of_Moldavia"
"2701";"Tiraspol"
"2702";"North_and_South"
"2703";"Alagoas"
"2704";"Amazonas_State"
"2705";"Sul_State"
"2706";"Soviet_republic_'s"
"2707";"Song_village"
"2708";"Yonhap"
"2709";"Ahmedabad"
"2710";"Ayodhya"
"2711";"Ayodyha"
"2712";"Delhi"
"2713";"Ne_Delhi"
"2714";"Samastipur"
"2715";"Borough_Park"
"2716";"Chuvash_Autonomous_Republic"
"2717";"Mari_Autonomous_Republic"
"2718";"Russian_Republic"
"2719";"The_Byelorussian_Republic"
"2720";"the_Lithuanian_Republic"
"2721";"The_Moldavian_Republic"
"2722";"the_Russian_Republic_Parliament"
"2723";"Gyelthang"
"2724";"Kham"
"2725";"the_Tibetan_Autonomous_Region"
"2726";"Tibetan"
"2727";"Tibetan_Autonomous_Region"
"2728";"Waikiki_Beach"
"2729";"Qincheng_Prison"
"2730";"Guangdong_province"
"2731";"organizaton"
"2732";"Alamance_County"
"2733";"Charlotte"
"2734";"Old_St._Petersburg"
"2735";"Antigua"
"2736";"Nashville"
"2737";"Lucknow"
"2738";"the_British_Empire"
"2739";"Rye_Brook"
"2740";"Betar"
"2741";"the_Old_City_of_Jerusalem"
"2742";"Katmandu"
"2743";"Morarji_Desai"
"2744";"Bahasa"
"2745";"New_Order"
"2746";"Pertamina"
"2747";"Mixico"
"2748";"Leeds"
"2749";"Byelorussian"
"2750";"non_-_Communist"
"2751";"Belgravia"
"2752";"U_Chit"
"2753";"Denis"
"2754";"Atteridgeville"
"2755";"Podkrepa"
"2756";"productivty"
"2757";"South_London"
"2758";"Bruges"
"2759";"Empire"
"2760";"Tarzan"
"2761";"PRASAD_Columbia"
"2762";"Finchley"
"2763";"Holborn"
"2764";"North_London"
"2765";"St._Pancras"
"2766";"St._Peter_'s"
"2767";"Brixton"
"2768";"Lambeth"
"2769";"Seaford"
"2770";"Dulwich"
"2771";"Ashaninka"
"2772";"Ashaninkas"
"2773";"AUGUST"
"2774";"Callicoon"
"2775";"Claudia"
"2776";"Cutivireni"
"2777";"Los_Descalzos"
"2778";"Maiobenti"
"2779";"Mariano"
"2780";"Mazamari"
"2781";"Nicolas"
"2782";"Satipo"
"2783";"the_landing_strip"
"2784";"the_Shining_Path"
"2785";"The_Shining_Path"
"2786";"the_Shining_Path_'s"
"2787";"the_United_States_Special_Forces"
"2788";"Tzibokiroato"
"2789";"Velarde"
"2790";"Winston_Churchill"
"2791";"the_United_States_Senate"
"2792";"Alfred"
"2793";"New_Attitude"
"2794";"North_Rhine_-_Westphalia"
"2795";"Aouzou"
"2796";"Habre"
"2797";"the_Aouzou_strip"
"2798";"Diego_Montana_Cuellar"
"2799";"Moraga"
"2800";"Chatichai"
"2801";"Mid_dle_Village"
"2802";"the_United_States_Tennis_Association"
"2803";"green_hills"
"2804";"Maqongo"
"2805";"Bandung"
"2806";"Hiroshima"
"2807";"Preotria"
"2808";"Taif"
"2809";"the_Cook_County"
"2810";"Saadi"
"2811";"the_Agrarian_Union"
"2812";"Fort_Dimanche"
"2813";"native_republic"
"2814";"the_Third_Republic_of_Poland"
"2815";"Paramaribo"
"2816";"the_republic_of_Surinam"
"2817";"Komsomol"
"2818";"eastern_Korea"
"2819";"the_Weimar_Republic"
"2820";"Sunnyside"
"2821";"Exits_8A"
"2822";"Wilmington"
"2823";"Noonan"
"2824";"Mountain_Lakes"
"2825";"West_Hartford"
"2826";"the_Soviet_Army"
"2827";"The_Soviet_Union_'s"
"2828";"Soviet_Communism_'s"
"2829";"Avis"
"2830";"Springfield_Gardens"
"2831";"becausehe"
"2832";"Kuranty"
"2833";"Ambassodor"
"2834";"Jamsetji"
"2835";"Jamshedpur"
"2836";"the_Steel_City"
"2837";"San_Francisco_County"
"2838";"West_Newton"
"2839";"Casamance"
"2840";"Ziguinchor"
"2841";"Mandela"
"2842";"Chengdu"
"2843";"the_republic_of_Croatia"
"2844";"Virovitica"
"2845";"Quebec_Province"
"2846";"Istok"
"2847";"FRANKFORT"
"2848";"Ky."
"2849";"the_Maricopa_County"
"2850";"Qincheng"
"2851";"Qinghai"
"2852";"Tiananmen"
"2853";"Handschu"
"2854";"South_Borough"
"2855";"St."
"2856";"Mogadishu"
"2857";"emblem"
"2858";"Witwatersrand"
"2859";"Bourassa"
"2860";"Boycotts"
"2861";"Sarajevo"
"2862";"Shandong_Province"
"2863";"The_United_States_State_Department"
"2864";"Paliito"
"2865";"Ga."
"2866";"Liberia"
"2867";"Monrovia"
"2868";"Isandhlwana"
"2869";"Nongoma"
"2870";"SOUTH_AFRICA"
"2871";"St._Helena"
"2872";"Stanger"
"2873";"Ulundi"
"2874";"McClellan"
"2875";"the_Russian_Parliament"
"2876";"Augustine"
"2877";"Boerum_Hill"
"2878";"Cobble_Hill"
"2879";"Gowanus"
"2880";"Skrapar"
"2881";"Los_Aneles_County"
"2882";"Zhejiang_Province"
"2883";"Rustenburg"
"2884";"Berat"
"2885";"Peshkopi"
"2886";"inthe_Soviet_Union"
"2887";"Minsk"
"2888";"Kuwaiti"
"2889";"Sheik_Hasina_'s"
"2890";"Junta"
"2891";"Kosovo_province"
"2892";"Chalatenango"
"2893";"Kashmir"
"2894";"Karbala"
"2895";"Najaf"
"2896";"Tikrit"
"2897";"Eastbourne"
"2898";"Ottoman"
"2899";"Kerekou"
"2900";"Natitingou"
"2901";"Ouida"
"2902";"Porto_Novo"
"2903";"Shengjin"
"2904";"St._Patrick_'s_Day_parades"
"2905";"Changsha"
"2906";"Changsha_city"
"2907";"the_republic_of_Serbia"
"2908";"Martinique"
"2909";"Gary"
"2910";"Andover"
"2911";"Krasnoye_Znamya"
"2912";"the_Czechoslovak_federation"
"2913";"the_Kingdom_of_the"
"2914";"the_People_'s_Republic_of_Yugoslavia"
"2915";"the_republic_of_Montenegro"
"2916";"Amara"
"2917";"Nasiriya"
"2918";"Bamako"
"2919";"Kirkuk"
"2920";"Mosul"
"2921";"Krajina"
"2922";"Croats"
"2923";"the_Hungarian_Kingdom"
"2924";"South_Ossetia"
"2925";"Zeri"
"2926";"The_Irish_Republic"
"2927";"North_Hempstead"
"2928";"The_County_Executive"
"2929";"Matalin"
"2930";"Bangladeshis"
"2931";"Sacko"
"2932";"Dept_._of"
"2933";"Saitoti"
"2934";"Sacred"
"2935";"Birmingham"
"2936";"Gaelic"
"2937";"Police"
"2938";"Sutton"
"2939";"the_New_York"
"2940";"the_United_States_Open"
"2941";"Kravchuk"
"2942";"the_Soviet_G.N.P."
"2943";"Komiteh"
"2944";"south_Teheran"
"2945";"the_Islamic_Republic_'s"
"2946";"the_Byelorussian_republic"
"2947";"El_Barrio"
"2948";"West_Village"
"2949";"Eurochain"
"2950";"Saharan_Africa_'s"
"2951";"Shkoder"
"2952";"Kangyi"
"2953";"Gorbomania"
"2954";"the_Armenian_republic"
"2955";"this_southern_republic"
"2956";"May._Germany_'s"
"2957";"Spokane"
"2958";"Confindustria"
"2959";"Kuwait_City_'s"
"2960";"Hindustan"
"2961";"Calabria"
"2962";"Palermo"
"2963";"Orsha"
"2964";"Turkmenia"
"2965";"the_Russian_federation"
"2966";"Tataria"
"2967";"Yakutia"
"2968";"Zakho"
"2969";"Ambo"
"2970";"Khartoum"
"2971";"Ozone_Park"
"2972";"Borovo_Selo"
"2973";"the_republic_of_Krajina"
"2974";"Salzburg"
"2975";"New_Canaan"
"2976";"Pomfret"
"2977";"Bridgeport"
"2978";"Ledyard"
"2979";"Bekkersdal"
"2980";"Baguba"
"2981";"Ramadi"
"2982";"Deepika_Chikhalia"
"2983";"East_Delhi"
"2984";"microcosm"
"2985";"Trilokpuri"
"2986";"Split"
"2987";"the_republic_of_Serbia_'s"
"2988";"the_northernmost_republic"
"2989";"Vojvodina"
"2990";"Genesee_County"
"2991";"Sullivan_County"
"2992";"Doha"
"2993";"Brahmin"
"2994";"Maidan"
"2995";"Mehrana"
"2996";"semiarid"
"2997";"Sudras"
"2998";"Tilonia"
"2999";"New_York_City_Mayors"
"3000";"Assab"
"3001";"Priyanka"
"3002";"Sonia"
"3003";"Sperenberg"
"3004";"Ariona"
"3005";"Gotham"
"3006";"Hallmark"
"3007";"T.B.T.A."
"3008";"Tena"
"3009";"Sriperumbudur"
"3010";"Glendale"
"3011";"Qualcomm"
"3012";"Schneider"
"3013";"Bhopal"
"3014";"Riyadh"
"3015";"Hamilton_Fish"
"3016";"Montclair"
"3017";"the_Township_of_the_Village_of_South_Orange"
"3018";"dale"
"3019";"hill"
"3020";"Isto"
"3021";"Juazeiro"
"3022";"Norte"
"3023";"Sao_Paulo_State"
"3024";"Savonarolas"
"3025";"Sukarno"
"3026";"Ganges"
"3027";"Jamuna"
"3028";"Adua"
"3029";"Tigre_Province"
"3030";"hoodlums"
"3031";"Kuneit"
"3032";"Kut"
"3033";"reveille"
"3034";"Czestochowa"
"3035";"Pavlov"
"3036";"Priyanka_Gandhi"
"3037";"Prabhu_Chawla"
"3038";"Amhara"
"3039";"Midwood"
"3040";"the_West_Village"
"3041";"N.L.A."
"3042";"Kavaje"
"3043";"Alina_Izetbegovic"
"3044";"Bosnia_-_Herzegovina_'s"
"3045";"U.K."
"3046";"Kermitterrand"
"3047";"STEPHANE_COLLARO"
"3048";"Enver"
"3049";"Gordonstoun"
"3050";"Queen_Victoria"
"3051";"Inida"
"3052";"Krishna_Kant_Jain"
"3053";"Ancona"
"3054";"Maharashtra"
"3055";"Yenan"
"3056";"TIMOTHY"
"3057";"Hadrosaurus"
"3058";"Westmont"
"3059";"Tribuna"
"3060";"Quayles"
"3061";"Virginia_Beach"
"3062";"Garfield"
"3063";"York_County"
"3064";"Rhine_city"
"3065";"Gestapo"
"3066";"Kreuzberg"
"3067";"the_Federal_Republic_'s"
"3068";"Brazzaville"
"3069";"the_People_'s_Republic_of_Congo"
"3070";"Robb"
"3071";"the_131st_Assembly_District"
"3072";"Brnik"
"3073";"Holmec"
"3074";"Lozna_Dolina"
"3075";"Maribor"
"3076";"Sentilj"
"3077";"the_Serbian_republic"
"3078";"Trebnje"
"3079";"Bosnia_-_Hercegovina"
"3080";"Bosnia_-_Hercegovina_'s"
"3081";"Sardawa"
"3082";"Oromia"
"3083";"Protest"
"3084";"Threrevoluti"
"3085";"Stormont"
"3086";"Balli_Kombetar"
"3087";"Legaliteti"
"3088";"C.P.S.U."
"3089";"Kashmiri"
"3090";"Muzaffarabad"
"3091";"New_Havens"
"3092";"the_City_of_Waterbury"
"3093";"Elmsford"
"3094";"Ljubjlana"
"3095";"the_republic_of_Slovenia"
"3096";"Hague"
"3097";"Slavonia"
"3098";"Tenja"
"3099";"Baltics"
"3100";"Carinthia"
"3101";"Beverly_Hills"
"3102";"Glinka"
"3103";"Great_Russia"
"3104";"Zagorsk"
"3105";"Biseks"
"3106";"Glen_Cove"
"3107";"Rabat"
"3108";"Flemalle"
"3109";"Liege"
"3110";"Wallonia"
"3111";"Franklin"
"3112";"Morgan_City"
"3113";"the_Republic_of_Lebanon"
"3114";"Khirghizistan"
"3115";"the_keystone_republic"
"3116";"the_Russian_federation_republic"
"3117";"Turkmenistan"
"3118";"Bengal"
"3119";"St_Vladimir_'s"
"3120";"Dubrovnik"
"3121";"Glina"
"3122";"the_Slovenian_republic"
"3123";"Rockaway_Township"
"3124";"The_Russian_republic_'s"
"3125";"breakaway_republic_'s"
"3126";"Medininkai"
"3127";"Carrara"
"3128";"Hercules"
"3129";"Recsk"
"3130";"Rajiv"
"3131";"La_Rioja_Province"
"3132";"Shahpur_Bakhtiar"
"3133";"Soraya_Esfandiari"
"3134";"Janpath"
"3135";"New_Federalism"
"3136";"Polk_County"
"3137";"Kisumu"
"3138";"Lansing"
"3139";"Versailles"
"3140";"Wash."
"3141";"Ambassador"
"3142";"Koplik"
"3143";"the_Republic_of_Albania"
"3144";"Vlore"
"3145";"District_39"
"3146";"the_Kings_County"
"3147";"County_Tyrone"
"3148";"Motherland"
"3149";"Kalinin"
"3150";"Vnukovo"
"3151";"Muse"
"3152";"Anatoly_Lukyanov"
"3153";"E.E.C."
"3154";"Hawke"
"3155";"Karimov"
"3156";"Kubitsov"
"3157";"Lukyanov"
"3158";"Neteyev"
"3159";"R.F.S.R."
"3160";"Simferopol"
"3161";"the_Supreme_Soviet"
"3162";"Yanayev"
"3163";"Yugin"
"3164";"Anatoly_I._]"
"3165";"Boldin"
"3166";"C.C."
"3167";"Doguzhiyev"
"3168";"Gosstandart"
"3169";"Kemerovo"
"3170";"Kobets"
"3171";"Orlov"
"3172";"Panyukov"
"3173";"Shchadov"
"3174";"Shenin"
"3175";"Varennikov"
"3176";"Gagauz"
"3177";"Leninskoye_Znamya"
"3178";"Rabochaya_Tribuna"
"3179";"Antananarivo"
"3180";"Republic_of_Moldavia"
"3181";"ESTONIA"
"3182";"Santa_Monica"
"3183";"Bulgars"
"3184";"Clinging"
"3185";"Omon"
"3186";"Securitate"
"3187";"Zomo"
"3188";"Yeltsinites"
"3189";"Nina"
"3190";"Lithania"
"3191";"Rapport"
"3192";"addenda"
"3193";"the_little_republic"
"3194";"an_autonomous_republic"
"3195";"an_Autonomous_Republic_of_Turkistan"
"3196";"Armenian_Soviet_Republic"
"3197";"Kirgizia"
"3198";"Ostland"
"3199";"Tblisi"
"3200";"the_Kurile_Islands"
"3201";"the_Moldavian_Republic"
"3202";"the_Russian_Empire"
"3203";"the_Soviet_republic"
"3204";"Transcaucasia"
"3205";"Turkistan"
"3206";"Turkistan_Autonomous_Soviet_Socialist_Republic"
"3207";"Turkmen"
"3208";"Usbekistan"
"3209";"Valery_Telegin"
"3210";"Kurile"
"3211";"G.P.U."
"3212";"N.K.G.B."
"3213";"N.K.V.D."
"3214";"O.G.P.U."
"3215";"Anatoly_I._Lukyanov"
"3216";"Morazan_Province"
"3217";"Perquin"
"3218";"Tours"
"3219";"the_Kazakhstan_republic"
"3220";"Valakhia"
"3221";"Tyumen"
"3222";"Baba"
"3223";"Smolny"
"3224";"Kan."
"3225";"Leavenworth"
"3226";"Minnesotan"
"3227";"Falin"
"3228";"the_City_of_Moscow"
"3229";"the_Soviet_Committee_of_War_Veterans"
"3230";"Zhiguli"
"3231";"Pomerania"
"3232";"Pleasantville"
"3233";"Valhalla"
"3234";"keystone_republic"
"3235";"the_Dniester_republic"
"3236";"the_Moldavian_republic"
"3237";"the_Republic_of_Dniester"
"3238";"Turkic"
"3239";"Moscow_Britain"
"3240";"Moldovia"
"3241";"the_Byelorussian_Republic"
"3242";"the_Republic_of_Moldova"
"3243";"anti_-_Communism"
"3244";"United_Left"
"3245";"Democratic_Republic_of_Azerbaijan"
"3246";"pre_-_Soviet_Azerbaijan"
"3247";"Tamara"
"3248";"the_Soivet_Union"
"3249";"Gorky_Park"
"3250";"Caucausian_republic_'s"
"3251";"Ashkhabad"
"3252";"Frunze"
"3253";"Kazakh_republic"
"3254";"United_States_-_Mexico"
"3255";"Metroland"
"3256";"Fairton"
"3257";"Gothenburg"
"3258";"Menem"
"3259";"Minn."
"3260";"the_Democratic_Republic"
"3261";"Birlik"
"3262";"Gansu_province"
"3263";"Hubei_Province"
"3264";"Abyssinia"
"3265";"Arabia"
"3266";"Isaias"
"3267";"Lalibala"
"3268";"MARXIST"
"3269";"Meles"
"3270";"Mendafara"
"3271";"Port_Sudan"
"3272";"Sheba"
"3273";"Shoa_province"
"3274";"the_kingdom_of_Aksum"
"3275";"Tigrinya"
"3276";"Catalonia"
"3277";"Extremadura"
"3278";"Galicia"
"3279";"Hengyang"
"3280";"Hunan"
"3281";"Triple"
"3282";"Caucases"
"3283";"Dushanbe"
"3284";"Mombasa"
"3285";"Africana"
"3286";"Petrosani"
"3287";"Usiminas"
"3288";"Usinas"
"3289";"Cleisthenes"
"3290";"Sparta"
"3291";"Anglophones"
"3292";"Barrikadnaya"
"3293";"Gulag"
"3294";"Kostya"
"3295";"Larisa"
"3296";"Serioja"
"3297";"Tverskaya"
"3298";"Greeks"
"3299";"Katanga_province"
"3300";"Saharan_Africa"
"3301";"The_People_'s_Republic_of_China"
"3302";"Hysteria"
"3303";"Kinsealy"
"3304";"St._Colmcille"
"3305";"Humanity"
"3306";"Izanagi"
"3307";"Charolais"
"3308";"Laval"
"3309";"Saint_-_Pierre"
"3310";"Ugglas"
"3311";"The_United_Democrats"
"3312";"the_United_Democrats_of_Hong_Kong"
"3313";"the_City_of_Los_Angeles"
"3314";"Maastricht"
"3315";"Aristede"
"3316";"Cafeteria"
"3317";"Escobar"
"3318";"Gaviria"
"3319";"Santa"
"3320";"Santa_Maria_'s"
"3321";"Universidad"
"3322";"Mapetla"
"3323";"Merafe"
"3324";"Trust_Feed"
"3325";"Masai_Mara"
"3326";"Port_-_au_-_Prince_'s"
"3327";"Matonge"
"3328";"Tshisekedi"
"3329";"Shaba_province"
"3330";"Tshikapa"
"3331";"Zairean"
"3332";"U.S.T.A."
"3333";"Etienne_Tshisekedi"
"3334";"Inga_-_Shaba"
"3335";"Hialeah"
"3336";"Martinezes"
"3337";"South_Florida"
"3338";"Salt_Lake"
"3339";"The_Salt_Lake_City_Tribune"
"3340";"Chinandega"
"3341";"Christine"
"3342";"EAST_Germany"
"3343";"eastern_Berlin"
"3344";"Gotha"
"3345";"Kinderwochenheim"
"3346";"Kristallnacht"
"3347";"Wallich"
"3348";"Wilhelmis"
"3349";"Pantasma"
"3350";"Slovak_Federated_Republic"
"3351";"Papiernicka"
"3352";"L.I._But"
"3353";"Mandela_Village"
"3354";"Soweto_Township"
"3355";"northern_Ireland"
"3356";"CHina"
"3357";"dependenton"
"3358";"Hong_Kong_Government"
"3359";"Zelia"
"3360";"Guantanamo"
"3361";"D.P."
"3362";"Stellenbosch"
"3363";"Banska_Bystrica"
"3364";"Bohemia"
"3365";"Bratislava_Castle"
"3366";"Kosice"
"3367";"Slovakia_Significantly"
"3368";"the_Republic_of_Tadzhikistan"
"3369";"Beatles"
"3370";"Dzerzhinsky"
"3371";"Grozny"
"3372";"Lubyanka"
"3373";"M.G.B."
"3374";"M.V.D."
"3375";"Mehmet"
"3376";"Natasha"
"3377";"P.R."
"3378";"Sverdlov"
"3379";"Yasenevo"
"3380";"Brescia"
"3381";"Somaliland"
"3382";"570_county"
"3383";"horseshoe"
"3384";"the_republic_on_Jan._1"
"3385";"the_Soviet_Government_'s"
"3386";"the_Soviet_State_Bank"
"3387";"no_Soviet_Union"
"3388";"critical_republic_'s"
"3389";"Byelorussian_city"
"3390";"Granma"
"3391";"Brest"
"3392";"Cassandra"
"3393";"Ivan_Drach"
"3394";"Khmara"
"3395";"Soviet_Mission"
"3396";"Davidoff"
"3397";"Malito"
"3398";"First_Republic"
"3399";"Oyster_Bay"
"3400";"Underdog"
"3401";"Soviet_Union_'s"
"3402";"Kensington"
"3403";"Wantagh"
"3404";"Flatbush"
"3405";"New_York_City_Base"
"3406";"Ukraininan"
"3407";"Hollis"
"3408";"Volkovo_Cemetery"
"3409";"Repubblica"
"3410";"the_Jersey_City"
"3411";"eastern_Germany"
"3412";"Abuja"
"3413";"Bosnia_and_Herzegovina_'s"
"3414";"Little_Rock"
"3415";"Fairfax"
"3416";"the_Azerbaijani_Republic"
"3417";"the_Azerbaijani_Republic_A._MUTALIBOV"
"3418";"THE_INDEPENDENT_STATES"
"3419";"the_Republic_of_Armenia_L._TER"
"3420";"the_Republic_of_Byelorussia"
"3421";"the_Republic_of_ByeloRussia"
"3422";"The_Republic_of_Byelorussia"
"3423";"the_Republic_of_Kazakhstan"
"3424";"the_Republic_of_Kazakhstan_N._NAZARBAYEV"
"3425";"the_Republic_of_Kirghizia"
"3426";"the_Republic_of_Moldavia"
"3427";"the_Republic_of_Moldavia_M._SNEGUR"
"3428";"the_Republic_of_Uzbekistan"
"3429";"bang"
"3430";"whimper"
"3431";"Youth_Festival"
"3432";"Perm"
"3433";"THE_SOVIET_UNION"
"3434";"Bishkek"
"3435";"Mount_Alto"
"3436";"Phelps_Place"
"3437";"Yekaterinburg"
"3438";"Belarus"
"3439";"Tajikistan"
"3440";"Kuznetsov"
"3441";"Moldova"
"3442";"Bushwick"
"3443";"Canarsie"
"3444";"New_York_City_Politics"
"3445";"Chester"
"3446";"Idzhevan"
"3447";"Soviet_republic_of"
"3448";"Tigre_province"
"3449";"Wallaga"
"3450";"Brunswick"
"3451";"Soviet_Army"
"3452";"Bryansk"
"3453";"Mosque"
"3454";"Kabylia"
"3455";"Kathimerini"
"3456";"Koskotas"
"3457";"the_City_of_Birmingham"
"3458";"E.T.P.A."
"3459";"north_county"
"3460";"Pound_Ridge"
"3461";"Swarthmore"
"3462";"Bronxville"
"3463";"Hangzhou"
"3464";"Globo"
"3465";"Mexico_City_'s"
"3466";"San_Luis"
"3467";"Hackensack"
"3468";"Paramus"
"3469";"central_Ireland"
"3470";"Longford"
"3471";"Lake_George"
"3472";"San_Juan"
"3473";"Safe_City"
"3474";"Safe_City_'"
"3475";"Apopka"
"3476";"Roosky"
"3477";"Cabanas"
"3478";"Cortina"
"3479";"El_Mozote"
"3480";"San_Salvador_'s"
"3481";"Santa_Marta"
"3482";"Casale"
"3483";"Ermelo"
"3484";"Meadowlands"
"3485";"Mkuze"
"3486";"The_Weekly_Mail"
"3487";"Richmond_Hill"
"3488";"Richmond_Hills"
"3489";"Pudong"
"3490";"Zhuhai"
"3491";"concertina"
"3492";"Trud"
"3493";"Kyoto"
"3494";"bays"
"3495";"lakes"
"3496";"Rogzhine"
"3497";"GLANCING"
"3498";"Republic_of_Taiwan"
"3499";"San_Mao"
"3500";"Tang_Shubei"
"3501";"The_Republic_of_China"
"3502";"the_Republic_of_Taiwan"
"3503";"Dedham"
"3504";"Visalia"
"3505";"Yanbian_Prefecture"
"3506";"Menelik"
"3507";"Democratic_county"
"3508";"the_County"
"3509";"Tunisia_Washington"
"3510";"Hasbro"
"3511";"Providence"
"3512";"Rogue"
"3513";"Horton"
"3514";"Sibley"
"3515";"Valley_Stream"
"3516";"Kyubin"
"3517";"Chaos"
"3518";"Parliamentary_Vote"
"3519";"Workfare"
"3520";"Davos"
"3521";"kiss_babies"
"3522";"Mayormet"
"3523";"Miyazawa"
"3524";"Todai"
"3525";"consolidated_City_of_New_York"
"3526";"Lille"
"3527";"Nice"
"3528";"Rouen"
"3529";"Cardiff"
"3530";"Sports"
"3531";"Weimar_Germany"
"3532";"the_Nassau_County_Clerk_'s"
"3533";"the_Nassau_County_Comptroller"
"3534";"Houghton_Mifflin"
"3535";"Hradcany"
"3536";"Kampa"
"3537";"Mala_Strana"
"3538";"Maria"
"3539";"Melnik"
"3540";"Mitteleuropa"
"3541";"Old_Town"
"3542";"Slavia"
"3543";"Staromestske_Namesti"
"3544";"the_Old_City"
"3545";"Zdenek"
"3546";"Morelia"
"3547";"Buchanan"
"3548";"the_North_American_Free_Trade_Agreement"
"3549";"Forbidden_City"
"3550";"Narong"
"3551";"Burgundy"
"3552";"Tenafly"
"3553";"Chatellerault"
"3554";"Braintree"
"3555";"Maldon"
"3556";"the_Bashkir_republic"
"3557";"The_Tatar_republic"
"3558";"the_United_States_Democratic_Party"
"3559";"Champagne"
"3560";"Dilolo"
"3561";"Kasaji"
"3562";"Katanga"
"3563";"kebabs"
"3564";"Kurtz"
"3565";"La_Cite"
"3566";"megalomania"
"3567";"Ngbandi"
"3568";"Russian_Antonovs"
"3569";"Shaba"
"3570";"the_Republic_of_Zaire"
"3571";"zaire"
"3572";"Marxism"
"3573";"Anaheim"
"3574";"Bern"
"3575";"Kambiz_Parvaresh"
"3576";"Khalis"
"3577";"Mehrdad_Savari"
"3578";"Baden_-_Wurttemburg"
"3579";"Villa_El_Salvador"
"3580";"Meshed"
"3581";"Bahai"
"3582";"Khomein"
"3583";"Merco"
"3584";"Cuzco"
"3585";"Russian_Empire"
"3586";"Russian_Federation"
"3587";"the_Russian_Soviet_Federative_Socialist_Republic"
"3588";"San_Franciscans"
"3589";"Amir_Kabir"
"3590";"Bahais"
"3591";"Bahraman"
"3592";"Hashemi"
"3593";"Kerbala"
"3594";"Qom"
"3595";"Acapulco"
"3596";"Armagh"
"3597";"San_Roman"
"3598";"Hezb"
"3599";"Pailin"
"3600";"the_United_States_Coast_Guard"
"3601";"Karens"
"3602";"New_Holland"
"3603";"St._Petersburg_'s"
"3604";"Limerick"
"3605";"Mirror"
"3606";"Hezb_-_i_-_Islami"
"3607";"Tyre"
"3608";"Harakat"
"3609";"Houaphan"
"3610";"Mekong"
"3611";"Vientiane"
"3612";"Xiengkhouang"
"3613";"Prince"
"3614";"Kingsbridge"
"3615";"Prince_Anand"
"3616";"Old_San_Juan"
"3617";"Tareyton"
"3618";"Olympia"
"3619";"Nakhonpathom"
"3620";"West_Haven"
"3621";"Alexandra"
"3622";"Ocotal"
"3623";"Unhappily"
"3624";"the_Netherlands_Antilles"
"3625";"Anita_Hill"
"3626";"Bartoncik"
"3627";"Chomutov"
"3628";"Himalayan"
"3629";"Gisenye"
"3630";"Kigali"
"3631";"Ruhengeri"
"3632";"Greenland"
"3633";"Cedras"
"3634";"Beko_Ransome_Kuti"
"3635";"BALITSARIS"
"3636";"MATT"
"3637";"the_eastern_republic"
"3638";"the_Slovak_republic_'s"
"3639";"Calverton"
"3640";"Copaigue"
"3641";"Williston_Park"
"3642";"Beechhurst"
"3643";"Shigatse"
"3644";"Boipatong"
"3645";"Vanderbijlpark"
"3646";"Moldovan"
"3647";"North_and_South_Ossetia"
"3648";"Sochi"
"3649";"the_west_bank"
"3650";"Qaddafi"
"3651";"Boipatong_township"
"3652";"Iscor"
"3653";"Candlor"
"3654";"Dalian"
"3655";"Belgrade_Protest_BELGRADE"
"3656";"Bosnia_and"
"3657";"Herzegovina"
"3658";"Africa"
"3659";"Freehold_Township"
"3660";"Lorenzo"
"3661";"Northvale"
"3662";"Teaneck"
"3663";"Meretz"
"3664";"Eastern_Germany"
"3665";"Karlsruhe"
"3666";"Tageszeitung"
"3667";"Cajun"
"3668";"Metairie_Cemetery"
"3669";"Bariay"
"3670";"decrepit"
"3671";"New_York_Speculation"
"3672";"Avraham"
"3673";"Kumamoto"
"3674";"Arnie"
"3675";"Inner_Mongolia_'s"
"3676";"Diestel"
"3677";"Belem"
"3678";"Belo_Horizonte"
"3679";"Orthodoxy"
"3680";"Darfur"
"3681";"Juba"
"3682";"S.P.L.A."
"3683";"Federative_Republic"
"3684";"New_Amsterdam"
"3685";"Desert_Storm"
"3686";"Blackburn"
"3687";"Lancashire"
"3688";"West_Yorkshire"
"3689";"Aguascalientes"
"3690";"Northern_Baja"
"3691";"Veracruz"
"3692";"Zacatecas"
"3693";"New_Dorp"
"3694";"M.Q.M."
"3695";"Jinshan"
"3696";"Lianfengshan_Park"
"3697";"Akwana"
"3698";"Jukun"
"3699";"Kente"
"3700";"Wukari"
"3701";"Aldona"
"3702";"Karaganda"
"3703";"Lanham"
"3704";"Mariinsk"
"3705";"Mikun"
"3706";"Omrod"
"3707";"Paulina"
"3708";"Pranas"
"3709";"the_Komi_republic"
"3710";"Berlin_City"
"3711";"Zvolen"
"3712";"Larchmont"
"3713";"Slavophiles"
"3714";"Hawthorne"
"3715";"Passaic"
"3716";"Tatyana"
"3717";"Bahamaland"
"3718";"Gorbachev"
"3719";"Mukhalatke"
"3720";"Sao_Paulo_'s"
"3721";"Harshad_Mehta"
"3722";"Chechenya"
"3723";"Tatarstan"
"3724";"Trans-_Caucasus_republic"
"3725";"Bakongo"
"3726";"Danube"
"3727";"Suharto"
"3728";"St._Martin_'s"
"3729";"Tatou"
"3730";"Bentonville"
"3731";"Bubbas"
"3732";"Conway_County"
"3733";"Greasy_Creek"
"3734";"Hot_Springs"
"3735";"kerosene"
"3736";"Lonoke_County"
"3737";"Clarendon_Hills"
"3738";"M.D._Hershey"
"3739";"RODRIGUE_MORTEL"
"3740";"East_London"
"3741";"King_William_'s"
"3742";"Mdantsane"
"3743";"Queenstown"
"3744";"the_Orange_Free_State"
"3745";"Aparecida"
"3746";"Brookhaven"
"3747";"Florence"
"3748";"Alagoas_State"
"3749";"Learjet"
"3750";"Bisho"
"3751";"St._Marc"
"3752";"Uxbridge"
"3753";"Bardera"
"3754";"Somalias"
"3755";"Cuauhtemoc_Cardenas"
"3756";"Quetzalcoatl"
"3757";"Streets"
"3758";"Trang_Province"
"3759";"Cuito"
"3760";"Viana"
"3761";"Cabinda"
"3762";"Decay"
"3763";"the_Rio_of_Africa"
"3764";"Amzei_Farmer_'s"
"3765";"Daytona_Beach"
"3766";"Fredonia"
"3767";"Weprin"
"3768";"Golan_Heights"
"3769";"Turin"
"3770";"the_County_Legislature_'s"
"3771";"Vicksburg"
"3772";"Playland"
"3773";"Michaocan"
"3774";"Fairview"
"3775";"Rutherford"
"3776";"Itar"
"3777";"Essex_County_Sheriff"
"3778";"Nutley"
"3779";"Oslobodjenje"
"3780";"Guanajuato_State"
"3781";"Eagleton"
"3782";"Yamanashi"
"3783";"Die_Zeit"
"3784";"Prince_Charles"
"3785";"Schubert"
"3786";"Zehlendorf"
"3787";"Antena"
"3788";"matador"
"3789";"boryokudan"
"3790";"Chagalls"
"3791";"New_York_1"
"3792";"Showdown"
"3793";"Thomas"
"3794";"Lynden"
"3795";"Daniels"
"3796";"The_Slovak_Republic"
"3797";"Mohawks"
"3798";"Provinces"
"3799";"Cepan"
"3800";"Durres"
"3801";"Librazhd"
"3802";"Lushnje"
"3803";"Pogradec"
"3804";"Hauppauge"
"3805";"blocs"
"3806";"Mantova"
"3807";"Bellville"
"3808";"the_Cape_Province"
"3809";"Habur"
"3810";"Edinburgh"
"3811";"P.D."
"3812";"Risce"
"3813";"Isfahan"
"3814";"Shiraz"
"3815";"Sirri"
"3816";"the_Gaza_strip"
"3817";"the_Islamic_Republic_of_Iran"
"3818";"Luqiao"
"3819";"Lativa"
"3820";"Supervisor_Greenburgh"
"3821";"Nin"
"3822";"JAPAN"
"3823";"Nihonshoseki"
"3824";"O.D.A."
"3825";"Ceapaz"
"3826";"Mantua"
"3827";"xenophobia"
"3828";"Goodies"
"3829";"Detmold"
"3830";"Federal_Republic_of_Germany"
"3831";"Molln"
"3832";"Weimar_Republic"
"3833";"Fatherland"
"3834";"the_Radical_Democrats"
"3835";"the_Russian_Union_of_Industrialists"
"3836";"Westminister"
"3837";"Troy"
"3838";"Kompong_Thom_province"
"3839";"Hobbes"
"3840";"Hoyle"
"3841";"King_William_'s_Town"
"3842";"Takoma_Park"
"3843";"Blida"
"3844";"Boumerdes"
"3845";"Tipaza"
"3846";"Bashkiria"
"3847";"Stolypin"
"3848";"Shakespearean"
"3849";"Voila"
"3850";"the_Czech_Republic"
"3851";"The_Czech_Republic"
"3852";"the_""_Republic_of_China"
"3853";"New_Castle"
"3854";"Suffolk_Counties"
"3855";"Thruway"
"3856";"U.N.D.P."
"3857";"Azania"
"3858";"Sharpeville"
"3859";"N.R.A."
"3860";"Ozawa"
"3861";"Brookville"
"3862";"Canon"
"3863";"Frutledge"
"3864";"tan"
"3865";"Khodzhent"
"3866";"Kulyab"
"3867";"Kurgan_-_Tyube"
"3868";"Kyrgyzstan"
"3869";"Washingtonville"
"3870";"Cayuga_County"
"3871";"Corning"
"3872";"H.I.V."
"3873";"Harrison"
"3874";"Thornwood"
"3875";"Riina"
"3876";"Brigadoon"
"3877";"Smena"
"3878";"Battambang"
"3879";"Battambang_Province"
"3880";"Funcinpec"
"3881";"Kampot"
"3882";"Sdau"
"3883";"Svay_Rieng"
"3884";"the_State_of_Cambodia"
"3885";"Focus"
"3886";"the_Jinan_Military_Region"
"3887";"Newton_Centre"
"3888";"Augsburg"
"3889";"Bochum"
"3890";"Dusseldorf"
"3891";"Hildesheim"
"3892";"Hindenburg"
"3893";"Rostock"
"3894";"Sennheim"
"3895";"The_Federal_Republic"
"3896";"Catalan"
"3897";"a_City_of_Staten_Island"
"3898";"Tilden"
"3899";"H.U.D."
"3900";"St._Barbara_'s"
"3901";"Cape_Town_'s"
"3902";"memorabilia"
"3903";"New_York_City_Hall"
"3904";"District_44"
"3905";"Fairfield"
"3906";"Loga"
"3907";"Arges_Sequeira_Mangas"
"3908";"Cosep"
"3909";"Cerska"
"3910";"Gorazde"
"3911";"Zenica"
"3912";"Zvornik"
"3913";"Bath"
"3914";"Great_Britain"
"3915";"Heung_Gong"
"3916";"Hongkong"
"3917";"the_New_Territories"
"3918";"Enrique_Zileri"
"3919";"mammograms"
"3920";"Sherbrooke"
"3921";"the_St._Lawrence"
"3922";"Santa_Gadea"
"3923";"Alexandra_township"
"3924";"Linsfield"
"3925";"United_Kingdom"
"3926";"San_Vittore"
"3927";"Bentley"
"3928";"ITALY"
"3929";"Zelenograd"
"3930";"Antall"
"3931";"Saratoga_County"
"3932";"Kolwezi"
"3933";"Shaba_Province"
"3934";"Chechnya"
"3935";"Valery_Zorkin"
"3936";"Coyoacan"
"3937";"deadpan"
"3938";"Naina"
"3939";"New_Blood"
"3940";"the_Jewish_Autonomous_Republic_of"
"3941";"Cafe"
"3942";"Kombi"
"3943";"Bashkortostan"
"3944";"Irkutsk"
"3945";"Barinas"
"3946";"east_Germany"
"3947";"Shimizu"
"3948";"Lipitsk"
"3949";"Bashkirs"
"3950";"Lipetsk"
"3951";"East_Orange"
"3952";"Lutheran"
"3953";"Morristown"
"3954";"Octavio_Suarez"
"3955";"West_Trenton"
"3956";"West_Ward"
"3957";"B.V.A."
"3958";"B.C.C.I."
"3959";"Asyut"
"3960";"Haiksteep"
"3961";"Durango"
"3962";"Baa"
"3963";"New_Nassau_County"
"3964";"Buryatia"
"3965";"Nizhneangarsk"
"3966";"Yakutsk"
"3967";"Vietcong"
"3968";"Trento"
"3969";"Trujillo"
"3970";"Lewes"
"3971";"Kagiso"
"3972";"Walus"
"3973";"Franca_Rame_'s"
"3974";"Tangentopoli"
"3975";"Koirala"
"3976";"Assyut"
"3977";"Guerrero"
"3978";"Nava"
"3979";"San_Luis_Potosi"
"3980";"Tamaulipas"
"3981";"Ivory_Coast"
"3982";"League"
"3983";"La_Paz"
"3984";"Bragancas"
"3985";"Beverly_Cheuvront"
"3986";"Parmalat"
"3987";"Guelph"
"3988";"Vancouver_Island"
"3989";"Dennison"
"3990";"Sayville"
"3991";"Prof."
"3992";"South_Hadley"
"3993";"Malaga"
"3994";"Interior"
"3995";"Rutskoi"
"3996";"Osijek"
"3997";"Northampton"
"3998";"Belcourt"
"3999";"Harrach"
"4000";"Murder"
"4001";"Shabouti"
"4002";"San_Vittore_Prison"
"4003";"Bronx_Computing"
"4004";"Hormigueros"
"4005";"Mayaguez"
"4006";"San_Juan_'s"
"4007";"the_Puerto_Rican_Day_Parade"
"4008";"Queensland"
"4009";"South_Australia"
"4010";"Tasmania"
"4011";"West_Australia"
"4012";"N.H."
"4013";"Guizhou"
"4014";"Hebei"
"4015";"Henan"
"4016";"Hubei"
"4017";"Liaoning"
"4018";"Renshou_County"
"4019";"San_Diego_'s"
"4020";"Van_Nuys"
"4021";"Armacon"
"4022";"Chesapeake_Beach"
"4023";"Clementon"
"4024";"Consolidated"
"4025";"N.A.S.D."
"4026";"Iskenderun"
"4027";"Kompong_Speu"
"4028";"New_Oaral"
"4029";"Poipet"
"4030";"Lawrence"
"4031";"Veja"
"4032";"Cherry_Hill"
"4033";"South_Camden"
"4034";"South_Jersey"
"4035";"Arkan"
"4036";"Bjeljina"
"4037";"Pristina"
"4038";"Burgos"
"4039";"Budge"
"4040";"Katherine"
"4041";"L.L.B."
"4042";"Roslyn_Heights"
"4043";"Walter"
"4044";"Guatemalan"
"4045";"Kandal"
"4046";"Kompong_Cham"
"4047";"homburg"
"4048";"Lear"
"4049";"Westernized"
"4050";"Galicia_province"
"4051";"Espina"
"4052";"Serrano"
"4053";"Nonviolence"
"4054";"Catania"
"4055";"Prince_Chakrapong"
"4056";"Aymara"
"4057";"El_Alto"
"4058";"Hillsborough"
"4059";"Benito"
"4060";"ENI"
"4061";"Kiseljak"
"4062";"Travnik"
"4063";"ZAGREB"
"4064";"Irvine"
"4065";"Major"
"4066";"Queen_Jadwiga"
"4067";"Sussex_Drive"
"4068";"BOSNIA"
"4069";"GENEVA"
"4070";"Mostar"
"4071";"NOVI"
"4072";"VOGOSCA"
"4073";"Kano"
"4074";"Yanan"
"4075";"Donbas"
"4076";"Peru_Washington"
"4077";"E.R.A."
"4078";"the_United_States_Congress"
"4079";"Ladoga"
"4080";"Srebrenica"
"4081";"united_state"
"4082";"Keleki"
"4083";"Shinseito"
"4084";"Bermuda"
"4085";"Kwuait"
"4086";"the_Federal_District"
"4087";"Khieu_Samphan"
"4088";"British_Colombia"
"4089";"Quebecer"
"4090";"Emad_Salem"
"4091";"Fayoum"
"4092";"Jersey_City_'s"
"4093";"Aidid"
"4094";"Mokaba"
"4095";"Yorubas"
"4096";"Stanford"
"4097";"Lavalas"
"4098";"CROATIA"
"4099";"Greater_Croatia"
"4100";"Maglaj"
"4101";"PARIS"
"4102";"Protest_Sent"
"4103";"Prozor"
"4104";"U.N."
"4105";"Zepce"
"4106";"ZEPCE"
"4107";"L.A."
"4108";"Riordan"
"4109";"Gainesville"
"4110";"another_Soviet_republic"
"4111";"Caputo"
"4112";"Governors_Island"
"4113";"Tokoza"
"4114";"Aso_Rock"
"4115";"Biafra"
"4116";"Minna"
"4117";"Boyana"
"4118";"GSG-9"
"4119";"Wiesbaden"
"4120";"Hong"
"4121";"Newtownards"
"4122";"the_Province_of_Ulster"
"4123";"East_Siberian_Republic"
"4124";"the_""_Republic_of_the_Urals"
"4125";"Roslyn"
"4126";"Qingdao"
"4127";"the_Shandong_Province"
"4128";"Zibo"
"4129";"Kyushu_Island"
"4130";"the_Liberal_Democrats_ended"
"4131";"the_Liberal_Democrats_last_month"
"4132";"Battle"
"4133";"arc"
"4134";"Butmir"
"4135";"Fojnica"
"4136";"HADZICI"
"4137";"Hrasnica"
"4138";"Mount_Igman"
"4139";"SARAJEVO"
"4140";"Tuzla"
"4141";"ZADAR"
"4142";"New_York_Square"
"4143";"New_York_Women_'s"
"4144";"the_Liberal_Democrats_'"
"4145";"Hitler"
"4146";"Nadia"
"4147";"the_Islamic_Republic_of_Pakistan"
"4148";"V-8"
"4149";"Hosokawa"
"4150";"Tokugawa"
"4151";"Brentwood"
"4152";"Orchard_Beach"
"4153";"Brcko"
"4154";"Christchurch"
"4155";"the_Liberal_Democrats_last_year"
"4156";"Prince_Sirivudh"
"4157";"Crimea"
"4158";"Tatar"
"4159";"Elisardo"
"4160";"Angkor"
"4161";"Fresno"
"4162";"Karabakh"
"4163";"Persia"
"4164";"The_United_States_Park_Police"
"4165";"New_York_Renaissance"
"4166";"Qalyubiya_Province"
"4167";"Drexel_Hill"
"4168";"new_republic"
"4169";"Bridgehampton"
"4170";"the_United_States_Park_Police"
"4171";"Ibadan"
"4172";"Assiut"
"4173";"Minya"
"4174";"Mount_Bjelasnica"
"4175";"the_Hindu_State"
"4176";"Dobrinja"
"4177";"Rube_Goldberg"
"4178";"Camorra"
"4179";"Malverne_Park"
"4180";"New_Russian_Empire"
"4181";"Tadjikistan"
"4182";"Dutchmen"
"4183";"Skokie"
"4184";"Prince_Edward_Island"
"4185";"Matebeleland"
"4186";"Karelia"
"4187";"Khasbulatov"
"4188";"tarpaulin"
"4189";"Tulsiwadi"
"4190";"mosque"
"4191";"Azkargorta"
"4192";"El_Diablo"
"4193";"Queen_Sofia"
"4194";"Recife"
"4195";"Hueytown"
"4196";"Lineville"
"4197";"Mobile"
"4198";"Selma"
"4199";"Bloomfield"
"4200";"M.D."
"4201";"El_Zungano"
"4202";"Niger_State"
"4203";"Staunton"
"4204";"The_United_States_Federal_Aviation_Administration"
"4205";"Azteca_Stadium"
"4206";"Peru_Lima"
"4207";"Czerepfalvi"
"4208";"the_Hapsburg_Emperor"
"4209";"another_Soviet_Union"
"4210";"Haotou"
"4211";"Honecker"
"4212";"Guguletu_Township"
"4213";"Molo"
"4214";"Wole_Soyinka"
"4215";"Competition_City"
"4216";"the_United_States_Tennis_Association_'s"
"4217";"Saudi_Venezuela"
"4218";"Sevastopol"
"4219";"the_Rockland_County_District"
"4220";"Cape_Colored"
"4221";"Griqua"
"4222";"Jericho"
"4223";"San_Saba_County"
"4224";"Travis_County"
"4225";"Pleszew"
"4226";"Suchockis"
"4227";"the_Northern_Ireland"
"4228";"Tychy"
"4229";"Rockland_County_District"
"4230";"Sea_MIAMI"
"4231";"St._Jean_-_Bosco_Church"
"4232";"Tenochtitlan"
"4233";"Tlatelolco"
"4234";"Viva_Mexico"
"4235";"Zocalo"
"4236";"the_buffer_strip"
"4237";"Zeinhum"
"4238";"Walesa"
"4239";"Kingdom_of_Yugoslavia"
"4240";"Guarani"
"4241";"Lydia"
"4242";"Mojeno"
"4243";"Tonto"
"4244";"Boksburg"
"4245";"Boksburg_city"
"4246";"Dawn_Park"
"4247";"Kempton_Park"
"4248";"Stirtonville"
"4249";"the_Transvaal_Republic"
"4250";"Woodington"
"4251";"Chappaqua"
"4252";"New_Castle_'s"
"4253";"Demoskop"
"4254";"Pepsico"
"4255";"Batavia"
"4256";"North_Country"
"4257";"the_Yates_County_Democratic_Party_'s"
"4258";"Yates_County"
"4259";"Podolsk"
"4260";"Khakassia"
"4261";"Kipetsk"
"4262";"Dewsbury"
"4263";"Thames"
"4264";"Prokofiev"
"4265";"Yevgeny_Savostyanov"
"4266";"Jaroslaw"
"4267";"Owens"
"4268";"Berbera"
"4269";"Hargeisa"
"4270";"Mandera"
"4271";"the_Republic_of_Somaliland"
"4272";"Unicef"
"4273";"Vesti"
"4274";"Ural"
"4275";"Derbyshire"
"4276";"Republic_of_China"
"4277";"the_Southern_Republic"
"4278";"Tongzhi_Village"
"4279";"tuzaizi"
"4280";"Imbaba"
"4281";"Ostankino"
"4282";"Fort_Benning"
"4283";"the_Maly_Soviet"
"4284";"Orlando"
"4285";"Puerto_Ricans"
"4286";"Rockland_County_'s"
"4287";"Kalmykia"
"4288";"Samara"
"4289";"The_Daily_Mirror"
"4290";"Viktor_Anpilov"
"4291";"Some_United_States"
"4292";"Harlan_County"
"4293";"the_New_York_City"
"4294";"Hinche"
"4295";"the_Harlan_County"
"4296";"Leninabad"
"4297";"Pamiris"
"4298";"Berlin_city"
"4299";"QwaQwa"
"4300";"New_Problem"
"4301";"Ho_Chi_Minh_Trail"
"4302";"Nero"
"4303";"Roman"
"4304";"the_Africa_of_Nkrumah"
"4305";"STANDOFF"
"4306";"Fort_Campbell"
"4307";"Lincolnton"
"4308";"Medina"
"4309";"Genoa"
"4310";"Sicurezza_Democratica"
"4311";"Udine"
"4312";"Uffizi"
"4313";"Sindh_province"
"4314";"Shawinigan"
"4315";"St._Etienne_des_Gres"
"4316";"Asia_Minor"
"4317";"Novocherkassk"
"4318";"Rostov"
"4319";"Agrarian_Union"
"4320";"New_Russia"
"4321";"New_Jerusalem"
"4322";"the_City_of_Peace"
"4323";"Bel_Air"
"4324";"the_United_States_Congressional"
"4325";"Verazzano"
"4326";"the_New_York_City_Comptroller"
"4327";"borderline_republics"
"4328";"Franklin_Lakes"
"4329";"Somerset_Hills"
"4330";"Warren_Township"
"4331";"Toulouse"
"4332";"Herzfeld"
"4333";"Wharton"
"4334";"Beria"
"4335";"Colorado_Springs"
"4336";"Fininvest"
"4337";"Great_Neck"
"4338";"Halbe"
"4339";"La_Fortaleza"
"4340";"Hobi"
"4341";"Kutaisi"
"4342";"Zugdidi"
"4343";"N.F.L."
"4344";"Nagatacho"
"4345";"Toyotas"
"4346";"Liechtenstein"
"4347";"Bad_Liebenwerda"
"4348";"Saarlouis"
"4349";"Ilorin"
"4350";"New_York_Ascendant"
"4351";"San_Antonio_'s"
"4352";"Talleyrand"
"4353";"Istoe"
"4354";"western_Germany"
"4355";"Caroline"
"4356";"St._Bernard"
"4357";"Gaza_City"
"4358";"Memphis"
"4359";"Shelby_County"
"4360";"the_Mogul_Empire"
"4361";"Ninfa_Segarra"
"4362";"Segodnya"
"4363";"L.I.R.R."
"4364";"Merrick"
"4365";"Yucatan"
"4366";"Warrington"
"4367";"Ramenskoye"
"4368";"Tver"
"4369";"Zhukovsky"
"4370";"U._of"
"4371";"Trieste"
"4372";"Merida"
"4373";"Mowbray"
"4374";"Yekaterina"
"4375";"Polyus"
"4376";"Poti"
"4377";"Mandelas"
"4378";"Gypsy"
"4379";"B.L."
"4380";"Udalls_Cove"
"4381";"Almaty"
"4382";"Gabriella"
"4383";"J.D."
"4384";"Russsia"
"4385";"the_Borough_of_Manhattan_Community_College"
"4386";"Mecklenburg_-_West"
"4387";"Stadsmissionen"
"4388";"Cossacks"
"4389";"Bay_Shore"
"4390";"News"
"4391";"Databrasil"
"4392";"Kasumigaseki"
"4393";"Manfalout"
"4394";"Bedford_-_Stuyvesant"
"4395";"Bennettsville"
"4396";"S.C."
"4397";"Sarajevo_SARAJEVO"
"4398";"Frustration_United_States"
"4399";"Volkstaat"
"4400";"Communicare"
"4401";"the_Borough_of"
"4402";"Klagenfurt"
"4403";"Greenwood"
"4404";"La_Jornada"
"4405";"Lara"
"4406";"Chisinau"
"4407";"Zwickau"
"4408";"Visoko"
"4409";"Nerf"
"4410";"St._John_the_Divine"
"4411";"Malibu"
"4412";"Bay_Ridge"
"4413";"Floral_Park"
"4414";"S.I."
"4415";"Separate_,_Hostile_,"
"4416";"walrus"
"4417";"Balladur"
"4418";"Matignon"
"4419";"Mass"
"4420";"St._Monica_'s"
"4421";"Sunnyvale"
"4422";"O.C.D."
"4423";"Kalila"
"4424";"Kwazulu"
"4425";"Chmn"
"4426";"Bhuttos"
"4427";"Sind_province"
"4428";"Ocean_County_'s"
"4429";"New_Rochelle_'s"
"4430";"La."
"4431";"Oakdale"
"4432";"juvenilia"
"4433";"YOU'RE"
"4434";"Plattsburgh"
"4435";"Kronstadt"
"4436";"Christo"
"4437";"Benazir"
"4438";"Murtaza"
"4439";"Zepa"
"4440";"Lesbian"
"4441";"Bella_Abzug_'s"
"4442";"Hylan"
"4443";"Tiffany"
"4444";"Van_Wyck"
"4445";"Parsippany"
"4446";"Chiapas"
"4447";"Ark."
"4448";"Carimagua"
"4449";"Juanchaco"
"4450";"North_Platte"
"4451";"Puerto_Lopez"
"4452";"Towanda"
"4453";"Konrad_Adenauer"
"4454";"libertas"
"4455";"Fraph"
"4456";"Tonton"
"4457";"Topeka"
"4458";"East_Village"
"4459";"Hamilton_Heights"
"4460";"Little_Italy"
"4461";"Manhattanville"
"4462";"St._Clare_'s"
"4463";"Village"
"4464";"West_83d"
"4465";"the_Liberal_Democrats_last_summer"
"4466";"Ayala"
"4467";"Cuautla"
"4468";"Morelos"
"4469";"Zapata"
"4470";"Kenilworth"
"4471";"B.B."
"4472";"Christendom"
"4473";"Corinth"
"4474";"Drugs"
"4475";"Filthy"
"4476";"Grasmere"
"4477";"Great_Kills"
"4478";"Idaho"
"4479";"Marchi"
"4480";"N.Y.P.D."
"4481";"revamp_city"
"4482";"Salvatore"
"4483";"the_Confederate_States"
"4484";"Chiluba"
"4485";"Anatoly_Chubais"
"4486";"Cambria_Heights"
"4487";"Cretan"
"4488";"Hania"
"4489";"Parthenon"
"4490";"the_Democratic_United_States"
"4491";"the_Garden_State_'s"
"4492";"Ninfa"
"4493";"Syosset"
"4494";"Bruhl"
"4495";"Coptic_Christians"
"4496";"Hampshire"
"4497";"the_Greek_Orthodox"
"4498";"Sylvia_Matz"
"4499";"Bergen_Beach"
"4500";"Downtown"
"4501";"Dyker_Heights"
"4502";"Marine_Park"
"4503";"Ocean_Hill"
"4504";"Sheepshead_Bay"
"4505";"Clifton_Park"
"4506";"Madeline"
"4507";"Rachael"
"4508";"Caesar_Trunzo"
"4509";"Middle_Village"
"4510";"Mamaroneck"
"4511";"Bell_Park"
"4512";"Secaucus"
"4513";"Chechnya_Republic"
"4514";"New_Gretna"
"4515";"the_Balearic_Islands"
"4516";"Arawak"
"4517";"Carib"
"4518";"Grenville"
"4519";"Lucas_Mangope"
"4520";"Mega_City"
"4521";"Alessandria"
"4522";"Aosta"
"4523";"united_Italy"
"4524";"Val_d'Aosta"
"4525";"blocklong"
"4526";"The_North_American_Free_Trade_Agreement"
"4527";"Villa"
"4528";"Black"
"4529";"the_Northern_League"
"4530";"Piazza_del_Popolo"
"4531";"the_City_of_Long_Beach"
"4532";"La_Repubblica"
"4533";"Lived"
"4534";"Politikverdrossenheit"
"4535";"Fort_Langley"
"4536";"Jewishness"
"4537";"Kamchatka"
"4538";"Appendix_B"
"4539";"Dayton"
"4540";"Allerton"
"4541";"Baychester"
"4542";"Bronx_Park"
"4543";"Concourse_Village"
"4544";"Fieldston"
"4545";"Fordham"
"4546";"Highbridge"
"4547";"Marble_Hill"
"4548";"Mount_Eden"
"4549";"North_Riverdale"
"4550";"Spuyten_Duyvil"
"4551";"Unionport"
"4552";"Wakefield"
"4553";"Woodlawn"
"4554";"Rivalry"
"4555";"Co_-_Op_City"
"4556";"Newington"
"4557";"Bujumbura"
"4558";"Gitarama"
"4559";"New_Zealand_'s"
"4560";"Fujiyoshida_City"
"4561";"Kanagi_Township"
"4562";"Tsukiji"
"4563";"Duduza"
"4564";"Langa_township"
"4565";"Mamelodi"
"4566";"Moria_City"
"4567";"Z.C.C."
"4568";"Zion"
"4569";"Zion_City"
"4570";"Mexico_State"
"4571";"Marrakech"
"4572";"Redlands"
"4573";"Akasaka"
"4574";"Nagano_Prefecture"
"4575";"Winston_-_Salem"
"4576";"Langa"
"4577";"Pacific_Northwest"
"4578";"Schonfeld"
"4579";"St._Lawrence_County"
"4580";"Ciampi"
"4581";"Bertelsmann"
"4582";"Kienzle"
"4583";"Mondadori"
"4584";"Standa"
"4585";"Huanuco"
"4586";"Aden"
"4587";"Sana"
"4588";"Sheraton"
"4589";"Ardrishaig"
"4590";"Stamina"
"4591";"Nelspruit"
"4592";"Odakyu"
"4593";"Whitehall"
"4594";"Asifa"
"4595";"North_Bethesda"
"4596";"St._Barnabas_Hospital"
"4597";"St._Brendan_'s"
"4598";"West_250th_Street"
"4599";"Saxony"
"4600";"Fort_Calata"
"4601";"Matryona"
"4602";"the_North_American_Free_Trade_Association"
"4603";"Palazzo_Brancaccio"
"4604";"The_Republic_of_Salo_Fascism"
"4605";"the_Social_Republic"
"4606";"Vicenza"
"4607";"the_Ministries_of_Agriculture_,_Health_,_Environment_,_Research_and_Technology"
"4608";"Zaporozhetz"
"4609";"Beekman"
"4610";"St._Vincent_'s"
"4611";"Himalayan_hills"
"4612";"Adviser"
"4613";"Silvio_Berlusconi_'s"
"4614";"the_Brooklyn_Old_Town_Records"
"4615";"Balks"
"4616";"Kyushu"
"4617";"Murayama_-_san"
"4618";"Oita_City"
